Upper Tier Local Authority District code (2024),Upper Tier Local Authority District name (2024),IMD - Average rank ,IMD - Rank of average rank ,IMD - Average score ,IMD - Rank of average score ,IMD - Proportion of LSOAs in most deprived 10% nationally ,IMD - Rank of proportion of LSOAs in most deprived 10% nationally ,IMD25 - Extent ,IMD25 - Rank of extent ,IMD25 - Local concentration ,IMD25 - Rank of local concentration 
E06000001,Hartlepool,23075.98,23,37.58,5,0.4211,3,0.5259,7,33623.27,3
E06000002,Middlesbrough,23840.54,17,40.037,2,0.5,1,0.5657,3,33672.1,2
E06000003,Redcar and Cleveland,20592.69,46,30.336,29,0.25,21,0.3665,37,33529.27,5
E06000004,Stockton-on-Tees,17658.71,82,25.83,53,0.1935,34,0.3182,49,33332.64,12
E06000005,Darlington,18611.35,70,25.713,55,0.197,33,0.2814,53,33117.99,24
E06000006,Halton,20886.57,42,31.117,24,0.3125,12,0.429,23,33327.38,13
E06000007,Warrington,13072.02,121,16.835,115,0.0606,80,0.1561,84,30722.59,80
E06000008,Blackburn with Darwen,24567.65,9,36.899,8,0.3736,8,0.5702,2,33262.48,19
E06000009,Blackpool,26536.86,1,43.467,1,0.4043,6,0.5217,8,33748.14,1
E06000010,"Kingston upon Hull, City of",24324.73,11,37.206,6,0.4167,4,0.52,10,33340.11,11
E06000011,East Riding of Yorkshire,12648.72,125,15.755,121,0.061,79,0.0982,111,30438.49,86
E06000012,North East Lincolnshire,19754.27,58,30.213,31,0.271,17,0.3698,32,33609.96,4
E06000013,North Lincolnshire,18590.12,71,23.473,73,0.1165,58,0.2107,71,32214.66,50
E06000014,York,9512.5,145,11.814,142,0,131,0.0682,122,27798.04,123
E06000015,Derby,19898.13,57,28.155,41,0.1842,38,0.3611,38,33110.37,25
E06000016,Leicester,25204.55,4,34.449,12,0.2,32,0.495,14,32821.38,32
E06000017,Rutland,8552.38,149,9.851,150,0,131,0,149,15058.78,152
E06000018,Nottingham,24079.07,14,33.747,15,0.3073,14,0.5039,13,32737.58,34
E06000019,"Herefordshire, County of",16764.48,94,18.762,99,0.0085,119,0.0714,121,28211.49,116
E06000020,Telford and Wrekin,19007.58,66,24.423,62,0.1304,54,0.252,63,32109.44,53
E06000021,Stoke-on-Trent,23586.1,21,33.614,16,0.2883,15,0.4945,15,32889.75,30
E06000022,Bath and North East Somerset,10247.52,141,12.281,140,0.0254,104,0.0384,135,26239.75,135
E06000023,"Bristol, City of",17434.22,85,22.496,80,0.1119,60,0.213,70,32343.28,49
E06000024,North Somerset,12208.97,128,15.456,123,0.0652,76,0.0956,113,30756.72,79
E06000025,South Gloucestershire,10114.56,142,11.614,143,0,131,0.0102,144,22743.04,144
E06000026,Plymouth,18688.94,68,24.087,65,0.1159,59,0.257,58,31881.1,62
E06000027,Torbay,21271.67,39,26.917,49,0.1099,63,0.2552,59,32441.4,46
E06000030,Swindon,14096.54,113,17.554,110,0.0714,75,0.1328,95,31025.9,76
E06000031,Peterborough,21226.31,40,27.799,43,0.1322,53,0.3665,36,31817.21,65
E06000032,Luton,22777.92,25,29.548,37,0.136,50,0.3669,34,32093.18,54
E06000033,Southend-on-Sea,18080.37,77,24.027,66,0.1111,61,0.2645,55,32512.81,44
E06000034,Thurrock,17963.05,78,21.032,87,0.03,100,0.1391,91,29766.73,99
E06000035,Medway,19136.32,65,24.354,63,0.0888,69,0.2531,62,31939.66,60
E06000036,Bracknell Forest,8640.96,148,10.084,149,0,131,0,149,20769.77,148
E06000037,West Berkshire,9686.36,143,11.049,146,0,131,0.0092,147,20782.11,147
E06000038,Reading,16030.61,98,18.558,101,0,131,0.1039,106,28786.82,113
E06000039,Slough,20246.11,53,22.967,78,0,131,0.122,98,27966.25,119
E06000040,Windsor and Maidenhead,7338.72,152,8.881,152,0,131,0,149,20386.36,149
E06000041,Wokingham,4328.48,153,6.102,153,0,131,0.0042,148,16487.21,151
E06000042,Milton Keynes,15478.75,104,18.503,102,0.0482,87,0.1202,100,30250.04,88
E06000043,Brighton and Hove,16380.88,96,20.266,92,0.0788,73,0.1528,87,31382.57,71
E06000044,Portsmouth,20239.91,54,26.378,51,0.12,56,0.2533,61,32824.24,31
E06000045,Southampton,20194.24,56,25.611,56,0.1184,57,0.2391,65,32164.22,51
E06000046,Isle of Wight,20855.08,43,24.599,61,0.0337,95,0.2006,75,30108.81,91
E06000047,County Durham,21488.54,37,28.808,40,0.1697,44,0.3602,39,32636.06,38
E06000049,Cheshire East,11388.25,135,14.169,130,0.0246,106,0.0952,114,29412.3,103
E06000050,Cheshire West and Chester,13879.12,117,17.736,106,0.0856,71,0.1467,88,31296.82,73
E06000051,Shropshire,15695.07,103,17.604,109,0.0101,118,0.0533,128,27206.63,127
E06000052,Cornwall,19456.45,62,22.321,81,0.0327,96,0.1171,102,29429.71,102
E06000053,Isles of Scilly,11924,130,12.65,139,0,131,0,149,11924,153
E06000054,Wiltshire,11989.35,129,13.608,132,0.0065,124,0.0287,138,25105.87,140
E06000055,Bedford,16413.2,95,19.747,94,0.0427,91,0.1528,86,30589.04,82
E06000056,Central Bedfordshire,11409.7,134,13.102,134,0,131,0.0267,139,25196.55,138
E06000057,Northumberland,17154.36,88,21.963,83,0.11,62,0.2014,74,32003.41,59
E06000058,"Bournemouth, Christchurch and Poole",14728.21,109,17.513,112,0.05,86,0.1039,107,29777.21,97
E06000059,Dorset,14451.08,111,16.268,119,0.0224,107,0.0404,134,26390.71,132
E06000060,Buckinghamshire,10315.59,140,11.921,141,0,131,0.0209,142,24636.59,141
E06000061,North Northamptonshire,15417.41,105,18.472,103,0.0439,89,0.1289,97,29819.72,95
E06000062,West Northamptonshire,13988.3,114,16.646,117,0.021,108,0.1016,108,29073.38,104
E06000063,Cumberland,18871.62,67,23.807,69,0.1017,66,0.2327,67,31894.38,61
E06000064,Westmorland and Furness,14870.31,107,17.836,105,0.0634,78,0.0904,116,30499.01,84
E06000065,North Yorkshire,13523.03,118,15.799,120,0.0264,103,0.0647,124,28429.79,114
E06000066,Somerset,16776.04,93,19.137,97,0.0206,109,0.089,117,29008.44,106
E08000001,Bolton,21894.64,33,31.41,23,0.2599,19,0.4384,20,33020.61,28
E08000002,Bury,18496.3,74,24.008,67,0.1083,65,0.2591,56,32142.55,52
E08000003,Manchester,25957.3,2,38.677,3,0.4068,5,0.5877,1,33273.23,17
E08000004,Oldham,24286.25,12,36.83,9,0.3732,9,0.5397,6,33454.44,8
E08000005,Rochdale,23877.78,15,34.331,13,0.3111,13,0.4752,18,33124.08,23
E08000006,Salford,22764.19,26,32.345,19,0.2547,20,0.4315,22,33303.12,15
E08000007,Stockport,13988.18,115,18.404,104,0.0785,74,0.1618,82,31806.05,66
E08000008,Tameside,22321.02,32,29.836,36,0.1761,41,0.3857,30,32525.82,43
E08000009,Trafford,11881.22,131,14.972,127,0.0432,90,0.0984,110,29770.82,98
E08000010,Wigan,18652.76,69,25.206,58,0.155,47,0.2964,51,32654.12,37
E08000011,Knowsley,24167.14,13,36.157,11,0.4,7,0.5104,11,33320.46,14
E08000012,Liverpool,24476.3,10,37.11,7,0.3675,11,0.5402,5,33440.72,10
E08000013,St. Helens,20369.74,50,28.953,38,0.2314,24,0.3673,33,33216.62,20
E08000014,Sefton,18364.97,76,25.15,59,0.1885,37,0.2715,54,33025.89,27
E08000015,Wirral,18517.76,73,27.473,47,0.2344,23,0.3229,44,33487.86,7
E08000016,Barnsley,22428.44,31,30.057,32,0.2162,28,0.3927,29,32556.05,42
E08000017,Doncaster,21877.3,34,30.523,28,0.2312,25,0.3794,31,33156.1,21
E08000018,Rotherham,20913.02,41,29.836,35,0.2118,30,0.3594,40,33445.68,9
E08000019,Sheffield,19277.22,64,27.574,45,0.2187,26,0.3469,42,33133.69,22
E08000021,Newcastle upon Tyne,19744.45,59,28.834,39,0.2611,18,0.3667,35,33285.64,16
E08000022,North Tyneside,16251.46,97,20.932,88,0.0827,72,0.2055,72,31552.49,70
E08000023,South Tyneside,22741.19,27,31.061,25,0.2136,29,0.429,24,32595.72,39
E08000024,Sunderland,22974.73,24,32.76,17,0.2757,16,0.4566,19,33110.15,26
E08000025,Birmingham,25089.35,6,38.115,4,0.4279,2,0.5596,4,33268.15,18
E08000026,Coventry,20616.29,45,27.528,46,0.1773,40,0.3204,47,32679.65,36
E08000027,Dudley,17942.87,79,23.174,76,0.1084,64,0.2578,57,31791.02,67
E08000028,Sandwell,25389.96,3,33.772,14,0.1632,45,0.5095,12,32009.52,58
E08000029,Solihull,12647.41,126,17.04,114,0.1343,52,0.1706,80,32035.34,56
E08000030,Walsall,22512.04,29,31.732,21,0.2485,22,0.4822,17,32556.41,41
E08000031,Wolverhampton,23727.39,20,32.552,18,0.2174,27,0.486,16,32498.43,45
E08000032,Bradford,23730,19,36.713,10,0.3686,10,0.5204,9,33502.6,6
E08000033,Calderdale,20325.12,52,27.582,44,0.2016,31,0.3224,46,32901.34,29
E08000034,Kirklees,19464.14,61,25.805,54,0.1346,51,0.3067,50,32344.5,48
E08000035,Leeds,17398.17,86,24.115,64,0.1721,42,0.2849,52,32798.75,33
E08000036,Wakefield,20586.9,47,27.247,48,0.1721,43,0.3263,43,32393.82,47
E08000037,Gateshead,20798.24,44,28.128,42,0.1905,35,0.3471,41,32569,40
E09000001,City of London,8781.75,147,10.21,147,0,131,0,149,18949,150
E09000002,Barking and Dagenham,25038.67,7,30.266,30,0.0174,113,0.319,48,29685.66,101
E09000003,Barnet,17134.88,89,19.499,95,0.0045,129,0.0913,115,27855.96,121
E09000004,Bexley,12983.4,122,15.302,124,0,131,0.0744,119,27813.43,122
E09000005,Brent,23737.65,18,30.046,33,0.1547,48,0.3226,45,32042.29,55
E09000006,Bromley,10479.35,139,12.673,138,0.005,127,0.0624,125,27757.16,125
E09000007,Camden,19647.6,60,23.695,70,0.0308,97,0.2255,69,30119.6,90
E09000008,Croydon,18551.98,72,22.562,79,0.0349,94,0.2033,73,30406.71,87
E09000009,Ealing,21688.64,35,25.947,52,0.0302,99,0.2469,64,30001.17,93
E09000010,Enfield,22538.62,28,29.888,34,0.1803,39,0.4205,26,31852.73,63
E09000011,Greenwich,20217.62,55,23.539,72,0,131,0.1797,78,28959.79,107
E09000012,Hackney,24813.48,8,31.795,20,0.1611,46,0.4,28,31775.7,68
E09000013,Hammersmith and Fulham,18491.87,75,21.202,85,0.0174,113,0.1385,92,28900.98,109
E09000014,Haringey,23134.61,22,30.856,26,0.1905,35,0.4372,21,32018.76,57
E09000015,Harrow,15791.19,102,17.527,111,0,131,0.0436,132,26244.07,134
E09000016,Havering,14471.72,110,16.755,116,0.0065,123,0.0742,120,28138.95,118
E09000017,Hillingdon,17826.91,81,20.653,90,0,131,0.1201,101,28414.26,115
E09000018,Hounslow,21445.12,38,24.859,60,0.02,110,0.1746,79,29072.42,105
E09000019,Islington,22487.79,30,26.651,50,0.0397,92,0.2267,68,29997.14,94
E09000020,Kensington and Chelsea,17076.3,90,20.339,91,0.0297,101,0.1613,83,30013.8,92
E09000021,Kingston upon Thames,9596.44,144,11.063,145,0,131,0.0096,145,21782.13,145
E09000022,Lambeth,20360.2,51,23.041,77,0.0055,126,0.1216,99,27760.16,124
E09000023,Lewisham,21676.6,36,25.472,57,0.0171,115,0.1981,76,29746.01,100
E09000024,Merton,12518.56,127,14.384,129,0,131,0.0404,133,26319.24,133
E09000025,Newham,25157.21,5,31.583,22,0.0541,83,0.4251,25,30519.22,83
E09000026,Redbridge,17221.45,87,19.854,93,0.0183,112,0.1071,105,28877.65,112
E09000027,Richmond upon Thames,7866.61,151,9.532,151,0,131,0.0094,146,21182.75,146
E09000028,Southwark,20380.68,49,23.328,75,0,131,0.1379,93,27927.59,120
E09000029,Sutton,11826.33,132,13.85,131,0.0081,120,0.0489,130,26810.11,130
E09000030,Tower Hamlets,23847.49,16,30.554,27,0.1302,55,0.4148,27,31107.1,75
E09000031,Waltham Forest,20500.1,48,23.453,74,0.0068,122,0.1322,96,28908.92,108
E09000032,Wandsworth,13272.79,120,15.157,125,0,131,0.0545,126,27096.69,128
E09000033,Westminster,19406.31,63,23.931,68,0.0894,68,0.2328,66,31297.11,72
E10000003,Cambridgeshire,11503.99,133,13.328,133,0.0127,116,0.0372,136,26099.13,136
E10000007,Derbyshire,15920.69,99,19.386,96,0.0561,82,0.1418,90,30681.97,81
E10000008,Devon,15820.94,101,17.722,107,0.0063,125,0.0511,129,27051.2,129
E10000011,East Sussex,16962.02,91,21.23,84,0.0873,70,0.1661,81,31846.19,64
E10000012,Essex,14734.04,108,17.703,108,0.0354,93,0.0995,109,29792.39,96
E10000013,Gloucestershire,12720.37,124,15.146,126,0.0305,98,0.0788,118,28885.58,111
E10000014,Hampshire,10604.87,138,12.777,137,0.0185,111,0.0537,127,27426.52,126
E10000015,Hertfordshire,11357.88,136,13.007,135,0.0014,130,0.0246,141,25149.91,139
E10000016,Kent,16889.52,92,20.7,89,0.064,77,0.1535,85,31202.96,74
E10000017,Lancashire,17488.33,84,23.56,71,0.1447,49,0.2551,60,32705.32,35
E10000018,Leicestershire,11074.91,137,12.809,136,0.0074,121,0.0292,137,25512.59,137
E10000019,Lincolnshire,17917.3,80,22.239,82,0.0897,67,0.1799,77,31713.26,69
E10000020,Norfolk,17624.23,83,21.179,86,0.0562,81,0.1354,94,31018.51,77
E10000024,Nottinghamshire,14940.12,106,18.599,100,0.0535,84,0.1467,89,30808.99,78
E10000025,Oxfordshire,9465.48,146,11.18,144,0.0047,128,0.0258,140,24172.09,142
E10000028,Staffordshire,13973.8,116,16.513,118,0.0281,102,0.0973,112,28894.87,110
E10000029,Suffolk,15858.66,100,18.849,98,0.0512,85,0.1133,104,30451.22,85
E10000030,Surrey,8497.63,150,10.132,148,0,131,0.0116,143,23208.51,143
E10000031,Warwickshire,13284.06,119,15.589,122,0.0254,104,0.066,123,28184.48,117
E10000032,West Sussex,12903.6,123,14.8,128,0.0113,117,0.0442,131,26611.12,131
E10000034,Worcestershire,14295.14,112,17.311,113,0.0481,88,0.117,103,30216.72,89
