Country code,Country name,Region code,Region name,LAD code,LAD name,Property type: Houses,,,,,,Property type: Flats,,,,,,,Property type: Total,,,,
,,,,,,Address count,Adress with private outdoor space count,Private outdoor space total area (m2),Percentage of adresses with private outdoor space,Average size of private outdoor space (m2), Median size of private outdoor space (m2) ,Address count,Adress with private outdoor space count,Private outdoor space total area (m2),Private outdoor space count,Percentage of adresses with private outdoor space,Average size of private outdoor space (m2),Average number of flats sharing a garden,Address count,Adress with private outdoor space count,Private outdoor space total area (m2),Percentage of adresses with private outdoor space,Average size of private outdoor space (m2)
S92000003,Scotland,S15000001,Scotland,S12000033,Aberdeen City," 53,082 "," 51,390 "," 14,593,876 ",97%, 284.00 , 204.30 ," 65,346 "," 46,221 "," 2,953,183 "," 9,280 ",71%, 318.20 ,5.00," 118,428 "," 97,611 "," 17,547,060 ",82%, 289.20 
S92000003,Scotland,S15000001,Scotland,S12000034,Aberdeenshire," 102,121 "," 96,098 "," 61,829,210 ",94%, 643.40 , 317.20 ," 17,178 "," 12,334 "," 2,469,448 "," 4,736 ",72%, 521.40 ,2.60," 119,299 "," 108,432 "," 64,298,658 ",91%, 637.70 
E92000001,England,E12000008,South East,E07000223,Adur," 21,568 "," 21,269 "," 5,095,973 ",99%, 239.60 , 203.90 ," 6,722 "," 4,054 "," 265,419 "," 1,027 ",60%, 258.40 ,3.90," 28,290 "," 25,323 "," 5,361,392 ",90%, 240.50 
E92000001,England,E12000002,North West,E07000026,Allerdale," 41,586 "," 39,191 "," 14,573,753 ",94%, 371.90 , 201.80 ," 5,733 "," 4,161 "," 800,265 "," 1,900 ",73%, 421.20 ,2.20," 47,319 "," 43,352 "," 15,374,018 ",92%, 374.10 
E92000001,England,E12000004,East Midlands,E07000032,Amber Valley," 53,128 "," 51,014 "," 16,629,607 ",96%, 326.00 , 215.40 ," 4,823 "," 3,205 "," 573,402 "," 1,402 ",67%, 409.00 ,2.30," 57,951 "," 54,219 "," 17,203,008 ",94%, 328.20 
S92000003,Scotland,S15000001,Scotland,S12000041,Angus," 41,994 "," 39,644 "," 19,363,393 ",94%, 488.40 , 276.30 ," 15,294 "," 10,117 "," 1,271,168 "," 3,652 ",66%, 348.10 ,2.80," 57,288 "," 49,761 "," 20,634,561 ",87%, 476.60 
S92000003,Scotland,S15000001,Scotland,S12000035,Argyll and Bute," 32,485 "," 28,533 "," 22,532,053 ",88%, 789.70 , 408.10 ," 16,351 "," 11,153 "," 2,599,397 "," 3,558 ",68%, 730.60 ,3.10," 48,836 "," 39,686 "," 25,131,450 ",81%, 783.10 
E92000001,England,E12000008,South East,E07000224,Arun," 56,624 "," 55,303 "," 18,317,114 ",98%, 331.20 , 220.20 ," 17,784 "," 13,175 "," 1,413,153 "," 3,757 ",74%, 376.10 ,3.50," 74,408 "," 68,478 "," 19,730,267 ",92%, 334.10 
E92000001,England,E12000004,East Midlands,E07000170,Ashfield," 51,152 "," 49,508 "," 12,434,956 ",97%, 251.20 , 189.40 ," 5,041 "," 3,521 "," 389,857 "," 1,323 ",70%, 294.70 ,2.70," 56,193 "," 53,029 "," 12,824,813 ",94%, 252.30 
E92000001,England,E12000008,South East,E07000105,Ashford," 46,353 "," 43,508 "," 24,643,470 ",94%, 566.40 , 213.50 ," 9,522 "," 5,980 "," 1,944,464 "," 2,159 ",63%, 900.60 ,2.80," 55,875 "," 49,488 "," 26,587,934 ",89%, 582.20 
E92000001,England,E12000008,South East,E07000004,Aylesbury Vale," 70,578 "," 65,488 "," 26,881,929 ",93%, 410.50 , 213.20 ," 13,690 "," 8,968 "," 1,737,341 "," 2,872 ",66%, 604.90 ,3.10," 84,268 "," 74,456 "," 28,619,270 ",88%, 418.70 
E92000001,England,E12000006,East of England,E07000200,Babergh," 36,442 "," 34,852 "," 21,505,027 ",96%, 617.00 , 275.70 ," 4,679 "," 3,628 "," 1,389,997 "," 1,531 ",78%, 907.90 ,2.40," 41,121 "," 38,480 "," 22,895,025 ",94%, 629.30 
E92000001,England,E12000007,London,E09000002,Barking and Dagenham," 51,235 "," 50,808 "," 8,606,729 ",99%, 169.40 , 123.90 ," 24,742 "," 13,403 "," 692,719 "," 3,566 ",54%, 194.30 ,3.80," 75,977 "," 64,211 "," 9,299,448 ",85%, 171.00 
E92000001,England,E12000007,London,E09000003,Barnet," 77,991 "," 76,600 "," 23,853,988 ",98%, 311.40 , 201.80 ," 75,025 "," 45,773 "," 2,815,939 "," 11,207 ",61%, 251.30 ,4.10," 153,016 "," 122,373 "," 26,669,927 ",80%, 303.70 
E92000001,England,E12000003,Yorkshire and The Humber,E08000016,Barnsley," 102,622 "," 99,764 "," 23,230,044 ",97%, 232.80 , 178.50 ," 10,181 "," 6,586 "," 847,019 "," 2,726 ",65%, 310.70 ,2.40," 112,803 "," 106,350 "," 24,077,063 ",94%, 234.90 
E92000001,England,E12000002,North West,E07000027,Barrow-in-Furness," 29,825 "," 28,947 "," 9,626,681 ",97%, 332.60 , 110.90 ," 4,012 "," 2,809 "," 191,918 "," 1,067 ",70%, 179.90 ,2.60," 33,837 "," 31,756 "," 9,818,599 ",94%, 327.10 
E92000001,England,E12000006,East of England,E07000066,Basildon," 63,053 "," 61,534 "," 19,051,140 ",98%, 309.60 , 160.90 ," 16,580 "," 10,510 "," 1,168,495 "," 3,506 ",63%, 333.30 ,3.00," 79,633 "," 72,044 "," 20,219,636 ",91%, 310.90 
E92000001,England,E12000008,South East,E07000084,Basingstoke and Deane," 64,144 "," 62,425 "," 26,216,825 ",97%, 420.00 , 178.30 ," 13,713 "," 9,544 "," 1,257,270 "," 2,364 ",70%, 531.80 ,4.00," 77,857 "," 71,969 "," 27,474,095 ",92%, 424.10 
E92000001,England,E12000004,East Midlands,E07000171,Bassetlaw," 47,639 "," 46,171 "," 18,010,645 ",97%, 390.10 , 231.20 ," 5,513 "," 4,125 "," 1,153,611 "," 2,083 ",75%, 553.80 ,2.00," 53,152 "," 50,296 "," 19,164,256 ",95%, 397.20 
E92000001,England,E12000009,South West,E06000022,Bath and North East Somerset," 62,183 "," 59,580 "," 23,229,606 ",96%, 389.90 , 204.00 ," 21,743 "," 15,978 "," 1,774,001 "," 4,561 ",74%, 389.00 ,3.50," 83,926 "," 75,558 "," 25,003,608 ",90%, 389.80 
E92000001,England,E12000006,East of England,E06000055,Bedford," 61,201 "," 58,236 "," 19,805,831 ",95%, 340.10 , 182.40 ," 15,523 "," 11,480 "," 1,117,244 "," 2,590 ",74%, 431.40 ,4.40," 76,724 "," 69,716 "," 20,923,075 ",91%, 344.00 
E92000001,England,E12000007,London,E09000004,Bexley," 72,815 "," 71,527 "," 17,158,007 ",98%, 239.90 , 189.00 ," 25,855 "," 15,842 "," 1,053,691 "," 4,294 ",61%, 245.40 ,3.70," 98,670 "," 87,369 "," 18,211,698 ",89%, 240.20 
E92000001,England,E12000005,West Midlands,E08000025,Birmingham," 320,659 "," 316,234 "," 71,740,420 ",99%, 226.90 , 170.80 ," 126,778 "," 68,219 "," 5,412,030 "," 20,504 ",54%, 263.90 ,3.30," 447,437 "," 384,453 "," 77,152,450 ",86%, 229.10 
E92000001,England,E12000004,East Midlands,E07000129,Blaby," 40,156 "," 38,082 "," 11,612,056 ",95%, 304.90 , 218.40 ," 3,001 "," 1,818 "," 255,063 ", 705 ,61%, 361.80 ,2.60," 43,157 "," 39,900 "," 11,867,120 ",93%, 306.00 
E92000001,England,E12000002,North West,E06000008,Blackburn with Darwen," 53,331 "," 52,107 "," 8,937,794 ",98%, 171.50 , 113.90 ," 8,091 "," 6,023 "," 476,859 "," 2,445 ",74%, 195.00 ,2.50," 61,422 "," 58,130 "," 9,414,653 ",95%, 172.60 
E92000001,England,E12000002,North West,E06000009,Blackpool," 52,066 "," 50,707 "," 7,737,207 ",97%, 152.60 , 126.20 ," 20,411 "," 15,331 "," 742,518 "," 5,818 ",75%, 127.60 ,2.60," 72,477 "," 66,038 "," 8,479,725 ",91%, 150.00 
W92000004,Wales,W08000001,Wales,W06000019,Blaenau Gwent," 28,565 "," 27,878 "," 4,916,354 ",98%, 176.40 , 112.70 ," 4,613 "," 3,371 "," 344,004 "," 1,419 ",73%, 242.40 ,2.40," 33,178 "," 31,249 "," 5,260,358 ",94%, 179.60 
E92000001,England,E12000004,East Midlands,E07000033,Bolsover," 34,088 "," 32,829 "," 9,145,778 ",96%, 278.60 , 200.50 ," 2,544 "," 1,683 "," 255,748 ", 713 ,66%, 358.70 ,2.40," 36,632 "," 34,512 "," 9,401,526 ",94%, 280.30 
E92000001,England,E12000002,North West,E08000001,Bolton," 105,960 "," 102,482 "," 18,748,395 ",97%, 182.90 , 140.10 ," 20,261 "," 12,872 "," 1,008,857 "," 4,301 ",64%, 234.60 ,3.00," 126,221 "," 115,354 "," 19,757,252 ",91%, 185.00 
E92000001,England,E12000004,East Midlands,E07000136,Boston," 26,630 "," 25,827 "," 11,424,904 ",97%, 442.40 , 266.00 ," 4,224 "," 2,969 "," 529,773 "," 1,098 ",70%, 482.50 ,2.70," 30,854 "," 28,796 "," 11,954,677 ",93%, 444.00 
E92000001,England,E12000009,South West,E06000058,"Bournemouth, Christchurch and Poole"," 110,456 "," 108,607 "," 33,386,410 ",98%, 307.40 , 236.30 ," 73,114 "," 53,922 "," 4,996,453 "," 12,911 ",74%, 387.00 ,4.20," 183,570 "," 162,529 "," 38,382,863 ",89%, 315.90 
E92000001,England,E12000008,South East,E06000036,Bracknell Forest," 39,767 "," 38,810 "," 11,765,706 ",98%, 303.20 , 171.60 ," 11,200 "," 6,803 "," 713,471 "," 1,475 ",61%, 483.70 ,4.60," 50,967 "," 45,613 "," 12,479,177 ",90%, 309.80 
E92000001,England,E12000003,Yorkshire and The Humber,E08000032,Bradford," 178,663 "," 168,539 "," 35,453,003 ",94%, 210.40 , 149.20 ," 38,413 "," 20,922 "," 2,003,212 "," 7,793 ",55%, 257.10 ,2.70," 217,076 "," 189,461 "," 37,456,215 ",87%, 212.40 
E92000001,England,E12000006,East of England,E07000067,Braintree," 55,560 "," 52,843 "," 24,685,579 ",95%, 467.10 , 213.70 ," 10,393 "," 6,564 "," 1,265,595 "," 2,109 ",63%, 600.10 ,3.10," 65,953 "," 59,407 "," 25,951,174 ",90%, 472.30 
E92000001,England,E12000006,East of England,E07000143,Breckland," 55,963 "," 53,354 "," 30,299,684 ",95%, 567.90 , 289.60 ," 6,616 "," 4,591 "," 1,798,922 "," 1,888 ",69%, 952.80 ,2.40," 62,579 "," 57,945 "," 32,098,606 ",93%, 581.10 
E92000001,England,E12000007,London,E09000005,Brent," 49,963 "," 49,322 "," 12,537,519 ",99%, 254.20 , 157.90 ," 74,510 "," 52,466 "," 2,659,410 "," 15,106 ",70%, 176.00 ,3.50," 124,473 "," 101,788 "," 15,196,929 ",82%, 235.90 
E92000001,England,E12000006,East of England,E07000068,Brentwood," 25,461 "," 24,838 "," 11,963,085 ",98%, 481.60 , 262.00 ," 8,709 "," 5,494 "," 767,606 "," 1,466 ",63%, 523.60 ,3.70," 34,170 "," 30,332 "," 12,730,691 ",89%, 484.00 
W92000004,Wales,W08000001,Wales,W06000013,Bridgend," 57,073 "," 54,978 "," 12,728,129 ",96%, 231.50 , 174.70 ," 6,908 "," 4,975 "," 571,692 "," 2,106 ",72%, 271.50 ,2.40," 63,981 "," 59,953 "," 13,299,821 ",94%, 233.00 
E92000001,England,E12000008,South East,E06000043,Brighton and Hove," 60,455 "," 59,474 "," 15,892,074 ",98%, 267.20 , 163.90 ," 71,958 "," 55,682 "," 1,889,166 "," 13,101 ",77%, 144.20 ,4.30," 132,413 "," 115,156 "," 17,781,240 ",87%, 245.00 
E92000001,England,E12000009,South West,E06000023,"Bristol, City of"," 123,634 "," 121,492 "," 21,700,240 ",98%, 178.60 , 147.40 ," 77,510 "," 47,476 "," 2,646,783 "," 13,140 ",61%, 201.40 ,3.60," 201,144 "," 168,968 "," 24,347,023 ",84%, 180.80 
E92000001,England,E12000006,East of England,E07000144,Broadland," 52,710 "," 51,565 "," 24,323,206 ",98%, 471.70 , 297.60 ," 6,157 "," 4,811 "," 1,846,412 "," 1,958 ",78%, 943.00 ,2.50," 58,867 "," 56,376 "," 26,169,618 ",96%, 488.90 
E92000001,England,E12000007,London,E09000006,Bromley," 95,145 "," 93,453 "," 31,185,291 ",98%, 333.70 , 239.50 ," 46,321 "," 27,346 "," 2,275,523 "," 7,606 ",59%, 299.20 ,3.60," 141,466 "," 120,799 "," 33,460,814 ",85%, 331.10 
E92000001,England,E12000005,West Midlands,E07000234,Bromsgrove," 36,624 "," 35,490 "," 17,176,791 ",97%, 484.00 , 258.20 ," 6,128 "," 3,803 "," 1,071,072 "," 1,371 ",62%, 781.20 ,2.80," 42,752 "," 39,293 "," 18,247,863 ",92%, 495.00 
E92000001,England,E12000006,East of England,E07000095,Broxbourne," 29,777 "," 29,349 "," 6,644,143 ",99%, 226.40 , 159.20 ," 11,187 "," 6,503 "," 471,349 "," 1,622 ",58%, 290.60 ,4.00," 40,964 "," 35,852 "," 7,115,492 ",88%, 229.70 
E92000001,England,E12000004,East Midlands,E07000172,Broxtowe," 44,091 "," 42,985 "," 12,212,250 ",98%, 284.10 , 205.50 ," 6,274 "," 4,120 "," 375,664 "," 1,309 ",66%, 287.00 ,3.10," 50,365 "," 47,105 "," 12,587,914 ",94%, 284.20 
E92000001,England,E12000002,North West,E07000117,Burnley," 37,018 "," 36,092 "," 5,512,224 ",98%, 152.70 , 89.70 ," 4,684 "," 2,949 "," 320,554 "," 1,187 ",63%, 270.10 ,2.50," 41,702 "," 39,041 "," 5,832,777 ",94%, 156.50 
E92000001,England,E12000002,North West,E08000002,Bury," 70,813 "," 69,297 "," 13,117,189 ",98%, 189.30 , 151.60 ," 14,252 "," 10,132 "," 724,588 "," 3,387 ",71%, 213.90 ,3.00," 85,065 "," 79,429 "," 13,841,777 ",93%, 190.40 
W92000004,Wales,W08000001,Wales,W06000018,Caerphilly," 71,927 "," 69,418 "," 14,696,781 ",97%, 211.70 , 152.70 ," 7,829 "," 5,647 "," 603,898 "," 2,599 ",72%, 232.40 ,2.20," 79,756 "," 75,065 "," 15,300,679 ",94%, 212.50 
E92000001,England,E12000003,Yorkshire and The Humber,E08000033,Calderdale," 77,323 "," 71,253 "," 17,182,318 ",92%, 241.10 , 136.30 ," 17,972 "," 9,844 "," 1,227,988 "," 3,578 ",55%, 343.20 ,2.80," 95,295 "," 81,097 "," 18,410,306 ",85%, 246.00 
E92000001,England,E12000006,East of England,E07000008,Cambridge," 34,490 "," 33,429 "," 7,582,420 ",97%, 226.80 , 155.30 ," 23,709 "," 14,007 "," 1,009,851 "," 3,818 ",59%, 264.50 ,3.70," 58,199 "," 47,436 "," 8,592,271 ",82%, 230.70 
E92000001,England,E12000007,London,E09000007,Camden," 12,151 "," 11,214 "," 1,719,218 ",92%, 153.30 , 75.90 ," 108,605 "," 62,443 "," 2,123,139 "," 12,667 ",58%, 167.60 ,4.90," 120,756 "," 73,657 "," 3,842,357 ",61%, 160.90 
E92000001,England,E12000005,West Midlands,E07000192,Cannock Chase," 38,643 "," 37,954 "," 9,590,980 ",98%, 252.70 , 197.90 ," 5,418 "," 3,756 "," 379,364 "," 1,326 ",69%, 286.10 ,2.80," 44,061 "," 41,710 "," 9,970,344 ",95%, 253.80 
E92000001,England,E12000008,South East,E07000106,Canterbury," 50,455 "," 48,152 "," 18,306,569 ",95%, 380.20 , 228.70 ," 15,123 "," 10,422 "," 1,217,386 "," 3,127 ",69%, 389.30 ,3.30," 65,578 "," 58,574 "," 19,523,955 ",89%, 380.70 
W92000004,Wales,W08000001,Wales,W06000015,Cardiff," 109,346 "," 105,992 "," 21,015,955 ",97%, 198.30 , 157.70 ," 47,617 "," 27,138 "," 1,570,256 "," 8,041 ",57%, 195.30 ,3.40," 156,963 "," 133,130 "," 22,586,212 ",85%, 198.10 
E92000001,England,E12000002,North West,E07000028,Carlisle," 44,753 "," 43,253 "," 13,909,447 ",97%, 321.60 , 181.80 ," 8,365 "," 6,359 "," 1,200,699 "," 2,646 ",76%, 453.80 ,2.40," 53,118 "," 49,612 "," 15,110,146 ",93%, 329.20 
W92000004,Wales,W08000001,Wales,W06000010,Carmarthenshire," 78,969 "," 75,143 "," 37,411,793 ",95%, 497.90 , 270.20 ," 9,243 "," 5,755 "," 1,959,943 "," 2,979 ",62%, 657.90 ,1.90," 88,212 "," 80,898 "," 39,371,736 ",92%, 504.00 
E92000001,England,E12000006,East of England,E07000069,Castle Point," 33,246 "," 32,617 "," 46,532,625 ",98%," 1,426.60 ", 206.20 ," 5,240 "," 3,428 "," 533,217 "," 1,273 ",65%, 418.90 ,2.70," 38,486 "," 36,045 "," 47,065,842 ",94%," 1,388.80 "
E92000001,England,E12000006,East of England,E06000056,Central Bedfordshire," 104,960 "," 99,069 "," 31,516,975 ",94%, 318.10 , 190.20 ," 17,053 "," 10,815 "," 1,474,983 "," 3,313 ",63%, 445.20 ,3.30," 122,013 "," 109,884 "," 32,991,958 ",90%, 322.20 
W92000004,Wales,W08000001,Wales,W06000008,Ceredigion," 29,001 "," 26,916 "," 18,321,240 ",93%, 680.70 , 393.00 ," 6,689 "," 4,615 "," 1,245,449 "," 2,009 ",69%, 619.90 ,2.30," 35,690 "," 31,531 "," 19,566,689 ",88%, 676.50 
E92000001,England,E12000004,East Midlands,E07000130,Charnwood," 64,992 "," 62,729 "," 19,900,969 ",97%, 317.30 , 208.90 ," 9,532 "," 6,495 "," 656,128 "," 2,036 ",68%, 322.30 ,3.20," 74,524 "," 69,224 "," 20,557,096 ",93%, 317.40 
E92000001,England,E12000006,East of England,E07000070,Chelmsford," 60,154 "," 58,207 "," 24,262,086 ",97%, 416.80 , 211.70 ," 16,517 "," 9,412 "," 1,376,375 "," 2,908 ",57%, 473.30 ,3.20," 76,671 "," 67,619 "," 25,638,461 ",88%, 419.50 
E92000001,England,E12000009,South West,E07000078,Cheltenham," 38,839 "," 38,161 "," 9,887,725 ",98%, 259.10 , 184.80 ," 18,352 "," 13,580 "," 1,194,668 "," 3,302 ",74%, 361.80 ,4.10," 57,191 "," 51,741 "," 11,082,393 ",91%, 267.30 
E92000001,England,E12000008,South East,E07000177,Cherwell," 58,183 "," 54,861 "," 20,127,897 ",94%, 366.90 , 205.10 ," 10,118 "," 5,880 "," 1,346,527 "," 2,046 ",58%, 658.10 ,2.90," 68,301 "," 60,741 "," 21,474,424 ",89%, 377.40 
E92000001,England,E12000002,North West,E06000049,Cheshire East," 156,498 "," 149,857 "," 59,674,455 ",96%, 398.20 , 227.50 ," 26,927 "," 16,426 "," 3,959,393 "," 6,006 ",61%, 659.20 ,2.70," 183,425 "," 166,283 "," 63,633,848 ",91%, 408.30 
E92000001,England,E12000002,North West,E06000050,Cheshire West and Chester," 136,219 "," 131,540 "," 50,312,746 ",97%, 382.50 , 213.90 ," 24,475 "," 15,513 "," 3,024,047 "," 5,655 ",63%, 534.80 ,2.70," 160,694 "," 147,053 "," 53,336,794 ",92%, 388.80 
E92000001,England,E12000004,East Midlands,E07000034,Chesterfield," 42,889 "," 42,206 "," 10,537,231 ",98%, 249.70 , 206.10 ," 7,008 "," 5,148 "," 413,896 "," 1,479 ",74%, 279.80 ,3.50," 49,897 "," 47,354 "," 10,951,126 ",95%, 250.70 
E92000001,England,E12000008,South East,E07000225,Chichester," 45,949 "," 43,471 "," 28,805,668 ",95%, 662.60 , 273.40 ," 12,334 "," 9,173 "," 2,511,026 "," 3,095 ",74%, 811.30 ,3.00," 58,283 "," 52,644 "," 31,316,694 ",90%, 672.50 
E92000001,England,E12000008,South East,E07000005,Chiltern," 32,458 "," 31,576 "," 20,427,643 ",97%, 646.90 , 355.90 ," 7,871 "," 4,950 "," 1,433,262 "," 1,880 ",63%, 762.40 ,2.60," 40,329 "," 36,526 "," 21,860,905 ",91%, 653.40 
E92000001,England,E12000002,North West,E07000118,Chorley," 45,769 "," 44,042 "," 13,061,318 ",96%, 296.60 , 178.30 ," 5,780 "," 4,301 "," 518,807 "," 1,652 ",74%, 314.00 ,2.60," 51,549 "," 48,343 "," 13,580,125 ",94%, 297.20 
S92000003,Scotland,S15000001,Scotland,S12000036,City of Edinburgh," 79,683 "," 77,983 "," 21,575,443 ",98%, 276.70 , 205.10 ," 175,879 "," 138,911 "," 7,998,028 "," 25,118 ",79%, 318.40 ,5.50," 255,562 "," 216,894 "," 29,573,471 ",85%, 286.80 
E92000001,England,E12000007,London,E09000001,City of London, 74 , 20 , 380 ,27%, 19.00 , 16.30 ," 7,633 ", 534 ," 3,294 ", 18 ,7%, 183.00 ,29.70," 7,707 ", 554 ," 3,675 ",7%, 96.70 
S92000003,Scotland,S15000001,Scotland,S12000005,Clackmannanshire," 17,863 "," 17,473 "," 5,100,871 ",98%, 291.90 , 198.20 ," 7,202 "," 6,006 "," 804,272 "," 2,313 ",83%, 347.70 ,2.60," 25,065 "," 23,479 "," 5,905,143 ",94%, 298.50 
E92000001,England,E12000006,East of England,E07000071,Colchester," 63,411 "," 61,375 "," 23,251,607 ",97%, 378.80 , 204.80 ," 19,790 "," 12,397 "," 1,938,040 "," 3,474 ",63%, 557.90 ,3.60," 83,201 "," 73,772 "," 25,189,648 ",89%, 388.40 
W92000004,Wales,W08000001,Wales,W06000003,Conwy," 44,632 "," 43,194 "," 16,503,337 ",97%, 382.10 , 230.90 ," 12,477 "," 9,263 "," 1,032,834 "," 3,176 ",74%, 325.20 ,2.90," 57,109 "," 52,457 "," 17,536,171 ",92%, 378.20 
E92000001,England,E12000002,North West,E07000029,Copeland," 30,416 "," 28,951 "," 14,307,757 ",95%, 494.20 , 198.80 ," 3,604 "," 2,553 "," 494,469 "," 1,067 ",71%, 463.40 ,2.40," 34,020 "," 31,504 "," 14,802,226 ",93%, 493.10 
E92000001,England,E12000004,East Midlands,E07000150,Corby," 27,076 "," 26,240 "," 5,680,218 ",97%, 216.50 , 159.90 ," 3,414 "," 2,427 "," 193,875 ", 815 ,71%, 237.90 ,3.00," 30,490 "," 28,667 "," 5,874,093 ",94%, 217.10 
E92000001,England,E12000009,South West,E06000052,Cornwall," 223,995 "," 209,092 "," 103,535,976 ",93%, 495.20 , 243.40 ," 53,151 "," 38,202 "," 8,762,148 "," 15,461 ",72%, 566.70 ,2.50," 277,146 "," 247,294 "," 112,298,124 ",89%, 500.10 
E92000001,England,E12000009,South West,E07000079,Cotswold," 37,134 "," 34,423 "," 22,204,692 ",93%, 645.10 , 272.30 ," 7,625 "," 5,398 "," 2,411,384 "," 2,213 ",71%," 1,089.60 ",2.40," 44,759 "," 39,821 "," 24,616,076 ",89%, 671.90 
E92000001,England,E12000001,North East,E06000047,County Durham," 226,057 "," 219,655 "," 46,935,687 ",97%, 213.70 , 145.20 ," 22,139 "," 13,993 "," 1,911,692 "," 6,765 ",63%, 282.60 ,2.10," 248,196 "," 233,648 "," 48,847,379 ",94%, 215.70 
E92000001,England,E12000005,West Midlands,E08000026,Coventry," 112,187 "," 110,988 "," 20,607,210 ",99%, 185.70 , 137.80 ," 38,372 "," 17,218 "," 1,068,353 "," 5,276 ",45%, 202.50 ,3.30," 150,559 "," 128,206 "," 21,675,563 ",85%, 186.40 
E92000001,England,E12000003,Yorkshire and The Humber,E07000163,Craven," 23,372 "," 21,568 "," 7,575,472 ",92%, 351.20 , 181.90 ," 5,147 "," 3,633 "," 815,098 "," 1,777 ",71%, 458.70 ,2.00," 28,519 "," 25,201 "," 8,390,570 ",88%, 359.40 
E92000001,England,E12000008,South East,E07000226,Crawley," 33,655 "," 33,175 "," 6,701,596 ",99%, 202.00 , 145.40 ," 12,198 "," 8,333 "," 690,638 "," 2,318 ",68%, 297.90 ,3.60," 45,853 "," 41,508 "," 7,392,234 ",91%, 208.30 
E92000001,England,E12000007,London,E09000008,Croydon," 93,353 "," 92,114 "," 24,096,654 ",99%, 261.60 , 160.00 ," 66,063 "," 40,722 "," 2,603,816 "," 11,418 ",62%, 228.00 ,3.60," 159,416 "," 132,836 "," 26,700,469 ",83%, 257.90 
E92000001,England,E12000006,East of England,E07000096,Dacorum," 48,808 "," 46,681 "," 16,929,821 ",96%, 362.70 , 194.00 ," 16,405 "," 8,591 "," 997,493 "," 2,581 ",52%, 386.50 ,3.30," 65,213 "," 55,272 "," 17,927,314 ",85%, 363.90 
E92000001,England,E12000001,North East,E06000005,Darlington," 43,437 "," 42,561 "," 9,212,516 ",98%, 216.50 , 153.70 ," 7,765 "," 5,960 "," 527,763 "," 1,876 ",77%, 281.30 ,3.20," 51,202 "," 48,521 "," 9,740,279 ",95%, 219.20 
E92000001,England,E12000008,South East,E07000107,Dartford," 35,231 "," 34,450 "," 8,664,165 ",98%, 251.50 , 154.10 ," 11,928 "," 7,816 "," 599,519 "," 1,854 ",66%, 323.40 ,4.20," 47,159 "," 42,266 "," 9,263,684 ",90%, 255.20 
E92000001,England,E12000004,East Midlands,E07000151,Daventry," 33,823 "," 30,753 "," 13,043,876 ",91%, 424.10 , 233.50 ," 3,397 "," 2,081 "," 892,410 ", 913 ,61%, 977.40 ,2.30," 37,220 "," 32,834 "," 13,936,286 ",88%, 440.10 
W92000004,Wales,W08000001,Wales,W06000004,Denbighshire," 38,223 "," 36,888 "," 15,309,849 ",97%, 415.00 , 231.30 ," 6,228 "," 4,150 "," 713,186 "," 1,795 ",67%, 397.30 ,2.30," 44,451 "," 41,038 "," 16,023,035 ",92%, 414.20 
E92000001,England,E12000004,East Midlands,E06000015,Derby," 92,287 "," 89,562 "," 19,401,737 ",97%, 216.60 , 182.70 ," 19,117 "," 11,060 "," 742,287 "," 3,555 ",58%, 208.80 ,3.10," 111,404 "," 100,622 "," 20,144,024 ",90%, 216.30 
E92000001,England,E12000004,East Midlands,E07000035,Derbyshire Dales," 29,762 "," 27,847 "," 15,382,621 ",94%, 552.40 , 284.20 ," 4,777 "," 3,125 "," 865,449 "," 1,502 ",65%, 576.20 ,2.10," 34,539 "," 30,972 "," 16,248,069 ",90%, 553.60 
E92000001,England,E12000003,Yorkshire and The Humber,E08000017,Doncaster," 125,394 "," 121,830 "," 32,472,944 ",97%, 266.50 , 191.30 ," 12,156 "," 7,662 "," 871,721 "," 2,967 ",63%, 293.80 ,2.60," 137,550 "," 129,492 "," 33,344,666 ",94%, 267.20 
E92000001,England,E12000009,South West,E06000059,Dorset," 144,904 "," 138,957 "," 74,818,900 ",96%, 538.40 , 283.30 ," 34,839 "," 25,330 "," 5,823,260 "," 8,386 ",73%, 694.40 ,3.00," 179,743 "," 164,287 "," 80,642,160 ",91%, 547.30 
E92000001,England,E12000008,South East,E07000108,Dover," 42,950 "," 41,268 "," 14,908,382 ",96%, 361.30 , 188.70 ," 10,778 "," 7,957 "," 1,193,426 "," 2,738 ",74%, 435.90 ,2.90," 53,728 "," 49,225 "," 16,101,807 ",92%, 365.90 
E92000001,England,E12000005,West Midlands,E08000027,Dudley," 118,172 "," 116,960 "," 27,666,800 ",99%, 236.50 , 199.60 ," 20,667 "," 12,066 "," 1,059,596 "," 3,639 ",58%, 291.20 ,3.30," 138,839 "," 129,026 "," 28,726,395 ",93%, 238.20 
S92000003,Scotland,S15000001,Scotland,S12000006,Dumfries and Galloway," 59,636 "," 55,986 "," 29,713,840 ",94%, 530.70 , 285.30 ," 14,964 "," 11,724 "," 2,887,661 "," 5,428 ",78%, 532.00 ,2.20," 74,600 "," 67,710 "," 32,601,501 ",91%, 530.80 
S92000003,Scotland,S15000001,Scotland,S12000042,Dundee City," 35,808 "," 34,807 "," 9,300,445 ",97%, 267.20 , 209.50 ," 39,516 "," 24,711 "," 2,119,598 "," 5,092 ",63%, 416.30 ,4.90," 75,324 "," 59,518 "," 11,420,042 ",79%, 286.20 
E92000001,England,E12000007,London,E09000009,Ealing," 66,089 "," 65,085 "," 10,226,962 ",99%, 157.10 , 123.10 ," 72,362 "," 49,535 "," 2,546,394 "," 13,838 ",69%, 184.00 ,3.60," 138,451 "," 114,620 "," 12,773,356 ",83%, 161.80 
S92000003,Scotland,S15000001,Scotland,S12000008,East Ayrshire," 42,212 "," 40,921 "," 12,334,013 ",97%, 301.40 , 215.00 ," 16,164 "," 12,555 "," 2,097,352 "," 4,866 ",78%, 431.00 ,2.60," 58,376 "," 53,476 "," 14,431,366 ",92%, 315.20 
E92000001,England,E12000006,East of England,E07000009,East Cambridgeshire," 34,538 "," 32,484 "," 15,845,736 ",94%, 487.80 , 265.50 ," 3,483 "," 2,467 "," 554,993 ", 880 ,71%, 630.70 ,2.80," 38,021 "," 34,951 "," 16,400,729 ",92%, 491.60 
E92000001,England,E12000009,South West,E07000040,East Devon," 56,683 "," 53,589 "," 29,429,328 ",95%, 549.20 , 256.20 ," 13,427 "," 9,724 "," 2,289,665 "," 3,613 ",72%, 633.70 ,2.70," 70,110 "," 63,313 "," 31,718,993 ",90%, 554.50 
S92000003,Scotland,S15000001,Scotland,S12000045,East Dunbartonshire," 36,853 "," 36,251 "," 12,392,688 ",98%, 341.90 , 252.00 ," 10,569 "," 7,320 "," 1,001,912 "," 2,266 ",69%, 442.10 ,3.20," 47,422 "," 43,571 "," 13,394,599 ",92%, 347.80 
E92000001,England,E12000008,South East,E07000085,East Hampshire," 42,337 "," 40,177 "," 24,504,724 ",95%, 609.90 , 272.00 ," 11,630 "," 8,232 "," 3,118,684 "," 3,266 ",71%, 954.90 ,2.50," 53,967 "," 48,409 "," 27,623,407 ",90%, 635.90 
E92000001,England,E12000006,East of England,E07000242,East Hertfordshire," 48,891 "," 46,743 "," 21,361,049 ",96%, 457.00 , 215.80 ," 14,927 "," 8,236 "," 1,951,368 "," 2,644 ",55%, 738.00 ,3.10," 63,818 "," 54,979 "," 23,312,416 ",86%, 472.00 
E92000001,England,E12000004,East Midlands,E07000137,East Lindsey," 60,327 "," 57,042 "," 35,456,857 ",95%, 621.60 , 307.90 ," 8,880 "," 6,210 "," 1,581,460 "," 2,447 ",70%, 646.30 ,2.50," 69,207 "," 63,252 "," 37,038,317 ",91%, 622.60 
S92000003,Scotland,S15000001,Scotland,S12000010,East Lothian," 35,269 "," 33,639 "," 11,448,849 ",95%, 340.30 , 197.90 ," 14,494 "," 11,594 "," 1,495,244 "," 3,962 ",80%, 377.40 ,2.90," 49,763 "," 45,233 "," 12,944,093 ",91%, 344.20 
E92000001,England,E12000004,East Midlands,E07000152,East Northamptonshire," 36,858 "," 35,146 "," 12,875,435 ",95%, 366.30 , 203.70 ," 4,221 "," 3,038 "," 557,011 "," 1,069 ",72%, 521.10 ,2.80," 41,079 "," 38,184 "," 13,432,446 ",93%, 370.90 
S92000003,Scotland,S15000001,Scotland,S12000011,East Renfrewshire," 29,181 "," 28,452 "," 10,009,935 ",98%, 351.80 , 268.10 ," 10,098 "," 6,824 "," 772,178 "," 1,706 ",68%, 452.60 ,4.00," 39,279 "," 35,276 "," 10,782,113 ",90%, 357.50 
E92000001,England,E12000003,Yorkshire and The Humber,E06000011,East Riding of Yorkshire," 141,504 "," 134,616 "," 53,916,008 ",95%, 400.50 , 225.80 ," 17,678 "," 12,331 "," 1,971,998 "," 4,947 ",70%, 398.60 ,2.50," 159,182 "," 146,947 "," 55,888,007 ",92%, 400.50 
E92000001,England,E12000005,West Midlands,E07000193,East Staffordshire," 44,698 "," 42,670 "," 14,741,289 ",96%, 345.50 , 210.00 ," 7,909 "," 5,495 "," 834,468 "," 1,961 ",70%, 425.50 ,2.80," 52,607 "," 48,165 "," 15,575,757 ",92%, 349.00 
E92000001,England,E12000006,East of England,E07000244,East Suffolk," 102,273 "," 98,790 "," 48,740,809 ",97%, 493.40 , 244.90 ," 16,597 "," 11,879 "," 3,197,918 "," 4,685 ",72%, 682.60 ,2.50," 118,870 "," 110,669 "," 51,938,727 ",93%, 501.90 
E92000001,England,E12000008,South East,E07000061,Eastbourne," 29,110 "," 28,622 "," 6,659,854 ",98%, 232.70 , 165.80 ," 20,520 "," 13,825 "," 828,150 "," 2,977 ",67%, 278.20 ,4.60," 49,630 "," 42,447 "," 7,488,004 ",86%, 237.00 
E92000001,England,E12000008,South East,E07000086,Eastleigh," 46,740 "," 45,150 "," 13,241,052 ",97%, 293.30 , 202.50 ," 10,227 "," 6,871 "," 674,767 "," 1,888 ",67%, 357.40 ,3.60," 56,967 "," 52,021 "," 13,915,818 ",91%, 295.80 
E92000001,England,E12000002,North West,E07000030,Eden," 22,478 "," 20,631 "," 10,939,390 ",92%, 530.20 , 287.40 ," 4,675 "," 3,236 "," 948,580 "," 1,552 ",69%, 611.20 ,2.10," 27,153 "," 23,867 "," 11,887,970 ",88%, 535.90 
E92000001,England,E12000008,South East,E07000207,Elmbridge," 41,919 "," 41,319 "," 19,940,213 ",99%, 482.60 , 261.90 ," 16,551 "," 11,810 "," 2,171,518 "," 3,395 ",71%, 639.60 ,3.50," 58,470 "," 53,129 "," 22,111,731 ",91%, 494.50 
E92000001,England,E12000007,London,E09000010,Enfield," 74,173 "," 73,513 "," 14,017,362 ",99%, 190.70 , 143.60 ," 53,495 "," 33,864 "," 1,937,777 "," 8,532 ",63%, 227.10 ,4.00," 127,668 "," 107,377 "," 15,955,139 ",84%, 194.50 
E92000001,England,E12000006,East of England,E07000072,Epping Forest," 41,782 "," 40,340 "," 16,928,478 ",97%, 419.60 , 216.00 ," 14,700 "," 8,699 "," 2,148,730 "," 2,892 ",59%, 743.00 ,3.00," 56,482 "," 49,039 "," 19,077,207 ",87%, 441.30 
E92000001,England,E12000008,South East,E07000208,Epsom and Ewell," 23,465 "," 23,111 "," 7,711,613 ",99%, 333.70 , 273.70 ," 8,966 "," 5,529 "," 556,408 "," 1,702 ",62%, 326.90 ,3.20," 32,431 "," 28,640 "," 8,268,021 ",88%, 333.20 
E92000001,England,E12000004,East Midlands,E07000036,Erewash," 47,168 "," 46,255 "," 11,465,379 ",98%, 247.90 , 184.00 ," 5,074 "," 2,958 "," 283,283 "," 1,133 ",58%, 250.00 ,2.60," 52,242 "," 49,213 "," 11,748,662 ",94%, 247.90 
E92000001,England,E12000009,South West,E07000041,Exeter," 38,885 "," 37,791 "," 7,783,291 ",97%, 206.00 , 143.90 ," 18,932 "," 12,802 "," 849,068 "," 3,524 ",68%, 240.90 ,3.60," 57,817 "," 50,593 "," 8,632,359 ",88%, 208.90 
S92000003,Scotland,S15000001,Scotland,S12000014,Falkirk," 51,559 "," 50,330 "," 14,507,117 ",98%, 288.20 , 206.90 ," 24,390 "," 17,872 "," 2,319,648 "," 6,389 ",73%, 363.10 ,2.80," 75,949 "," 68,202 "," 16,826,765 ",90%, 296.70 
E92000001,England,E12000008,South East,E07000087,Fareham," 42,701 "," 41,973 "," 13,650,046 ",98%, 325.20 , 218.10 ," 7,661 "," 5,136 "," 719,509 "," 1,540 ",67%, 467.20 ,3.30," 50,362 "," 47,109 "," 14,369,555 ",94%, 330.20 
E92000001,England,E12000006,East of England,E07000010,Fenland," 40,533 "," 39,078 "," 16,373,320 ",96%, 419.00 , 243.60 ," 4,491 "," 2,634 "," 412,493 ", 893 ,59%, 461.90 ,2.90," 45,024 "," 41,712 "," 16,785,813 ",93%, 419.90 
S92000003,Scotland,S15000001,Scotland,S12000047,Fife," 128,052 "," 124,462 "," 39,189,095 ",97%, 314.90 , 215.70 ," 51,233 "," 37,851 "," 5,233,537 "," 14,846 ",74%, 352.50 ,2.50," 179,285 "," 162,313 "," 44,422,631 ",91%, 318.90 
W92000004,Wales,W08000001,Wales,W06000005,Flintshire," 62,841 "," 60,663 "," 21,322,171 ",97%, 351.50 , 222.20 ," 7,059 "," 4,352 "," 951,016 "," 2,057 ",62%, 462.30 ,2.10," 69,900 "," 65,015 "," 22,273,188 ",93%, 355.10 
E92000001,England,E12000008,South East,E07000112,Folkestone and Hythe," 37,074 "," 36,144 "," 14,209,901 ",98%, 393.10 , 213.30 ," 14,677 "," 11,348 "," 1,356,898 "," 3,303 ",77%, 410.80 ,3.40," 51,751 "," 47,492 "," 15,566,799 ",92%, 394.60 
E92000001,England,E12000009,South West,E07000080,Forest of Dean," 34,288 "," 31,271 "," 18,893,285 ",91%, 604.20 , 293.40 ," 5,033 "," 3,544 "," 1,496,531 "," 1,721 ",70%, 869.60 ,2.10," 39,321 "," 34,815 "," 20,389,816 ",89%, 618.00 
E92000001,England,E12000002,North West,E07000119,Fylde," 28,870 "," 27,651 "," 8,977,471 ",96%, 324.70 , 211.30 ," 11,872 "," 9,200 "," 709,087 "," 2,368 ",78%, 299.40 ,3.90," 40,742 "," 36,851 "," 9,686,558 ",90%, 322.70 
E92000001,England,E12000001,North East,E08000037,Gateshead," 71,610 "," 70,097 "," 13,285,108 ",98%, 189.50 , 148.70 ," 22,349 "," 15,776 "," 899,913 "," 6,649 ",71%, 135.30 ,2.40," 93,959 "," 85,873 "," 14,185,020 ",91%, 184.80 
E92000001,England,E12000004,East Midlands,E07000173,Gedling," 46,240 "," 44,836 "," 13,333,128 ",97%, 297.40 , 209.20 ," 6,591 "," 4,249 "," 452,908 "," 1,467 ",65%, 308.70 ,2.90," 52,831 "," 49,085 "," 13,786,036 ",93%, 297.70 
S92000003,Scotland,S15000001,Scotland,S12000049,Glasgow City," 85,272 "," 83,692 "," 18,005,702 ",98%, 215.10 , 183.70 ," 221,165 "," 164,275 "," 9,480,139 "," 32,960 ",74%, 287.60 ,5.00," 306,437 "," 247,967 "," 27,485,841 ",81%, 235.60 
E92000001,England,E12000009,South West,E07000081,Gloucester," 45,591 "," 44,832 "," 9,523,923 ",98%, 212.40 , 173.70 ," 11,850 "," 7,844 "," 521,163 "," 2,235 ",66%, 233.20 ,3.50," 57,441 "," 52,676 "," 10,045,086 ",92%, 213.40 
E92000001,England,E12000008,South East,E07000088,Gosport," 27,726 "," 27,424 "," 4,751,793 ",99%, 173.30 , 132.20 ," 9,974 "," 6,686 "," 327,066 "," 1,621 ",67%, 201.80 ,4.10," 37,700 "," 34,110 "," 5,078,859 ",91%, 174.90 
E92000001,England,E12000008,South East,E07000109,Gravesham," 33,833 "," 33,459 "," 9,775,495 ",99%, 292.20 , 173.80 ," 9,596 "," 6,686 "," 504,958 "," 1,980 ",70%, 255.00 ,3.40," 43,429 "," 40,145 "," 10,280,453 ",92%, 290.10 
E92000001,England,E12000006,East of England,E07000145,Great Yarmouth," 39,624 "," 37,258 "," 10,455,383 ",94%, 280.60 , 175.00 ," 8,021 "," 6,316 "," 469,137 "," 2,146 ",79%, 218.60 ,2.90," 47,645 "," 43,574 "," 10,924,520 ",92%, 277.20 
E92000001,England,E12000007,London,E09000011,Greenwich," 55,112 "," 54,453 "," 8,755,290 ",99%, 160.80 , 123.60 ," 64,395 "," 41,247 "," 1,615,742 "," 7,775 ",64%, 207.80 ,5.30," 119,507 "," 95,700 "," 10,371,032 ",80%, 166.70 
E92000001,England,E12000008,South East,E07000209,Guildford," 44,947 "," 43,820 "," 25,636,413 ",98%, 585.00 , 286.00 ," 16,267 "," 10,621 "," 1,839,841 "," 3,168 ",65%, 580.80 ,3.40," 61,214 "," 54,441 "," 27,476,254 ",89%, 584.80 
W92000004,Wales,W08000001,Wales,W06000002,Gwynedd," 51,801 "," 48,091 "," 22,907,206 ",93%, 476.30 , 232.90 ," 12,042 "," 8,221 "," 2,050,880 "," 4,075 ",68%, 503.30 ,2.00," 63,843 "," 56,312 "," 24,958,086 ",88%, 478.40 
E92000001,England,E12000007,London,E09000012,Hackney," 19,093 "," 18,658 "," 1,978,745 ",98%, 106.10 , 72.10 ," 96,790 "," 60,787 "," 1,584,453 "," 11,988 ",63%, 132.20 ,5.10," 115,883 "," 79,445 "," 3,563,197 ",69%, 116.30 
E92000001,England,E12000002,North West,E06000006,Halton," 50,519 "," 49,719 "," 11,059,128 ",98%, 222.40 , 149.10 ," 7,333 "," 4,863 "," 420,800 "," 1,594 ",66%, 264.00 ,3.10," 57,852 "," 54,582 "," 11,479,928 ",94%, 223.70 
E92000001,England,E12000003,Yorkshire and The Humber,E07000164,Hambleton," 37,999 "," 35,457 "," 19,671,835 ",93%, 554.80 , 267.70 ," 4,085 "," 2,520 "," 881,136 "," 1,079 ",62%, 816.60 ,2.30," 42,084 "," 37,977 "," 20,552,971 ",90%, 562.50 
E92000001,England,E12000007,London,E09000013,Hammersmith and Fulham," 19,503 "," 19,096 "," 1,520,100 ",98%, 79.60 , 55.80 ," 73,981 "," 56,598 "," 1,129,987 "," 13,477 ",77%, 83.80 ,4.20," 93,484 "," 75,694 "," 2,650,087 ",81%, 81.40 
E92000001,England,E12000004,East Midlands,E07000131,Harborough," 36,660 "," 33,049 "," 13,785,178 ",90%, 417.10 , 241.50 ," 4,050 "," 2,672 "," 695,363 ", 930 ,66%, 747.70 ,2.90," 40,710 "," 35,721 "," 14,480,540 ",88%, 426.20 
E92000001,England,E12000007,London,E09000014,Haringey," 39,019 "," 38,469 "," 4,815,655 ",99%, 125.20 , 89.60 ," 75,277 "," 57,673 "," 1,923,411 "," 12,385 ",77%, 155.30 ,4.70," 114,296 "," 96,142 "," 6,739,066 ",84%, 132.50 
E92000001,England,E12000006,East of England,E07000073,Harlow," 27,637 "," 26,961 "," 4,533,999 ",98%, 168.20 , 120.40 ," 10,967 "," 5,561 "," 353,320 "," 2,010 ",51%, 175.80 ,2.80," 38,604 "," 32,522 "," 4,887,318 ",84%, 168.70 
E92000001,England,E12000003,Yorkshire and The Humber,E07000165,Harrogate," 58,380 "," 55,508 "," 24,539,307 ",95%, 442.10 , 227.90 ," 15,284 "," 11,857 "," 1,810,284 "," 3,890 ",78%, 465.40 ,3.00," 73,664 "," 67,365 "," 26,349,591 ",91%, 443.60 
E92000001,England,E12000007,London,E09000015,Harrow," 58,444 "," 57,657 "," 15,755,369 ",99%, 273.30 , 204.50 ," 35,087 "," 22,033 "," 1,570,027 "," 6,706 ",63%, 234.10 ,3.30," 93,531 "," 79,690 "," 17,325,396 ",85%, 269.20 
E92000001,England,E12000008,South East,E07000089,Hart," 34,197 "," 33,292 "," 16,078,166 ",97%, 482.90 , 270.10 ," 6,307 "," 3,833 "," 729,254 "," 1,100 ",61%, 663.00 ,3.50," 40,504 "," 37,125 "," 16,807,420 ",92%, 488.70 
E92000001,England,E12000001,North East,E06000001,Hartlepool," 37,595 "," 37,076 "," 6,711,055 ",99%, 181.00 , 142.90 ," 6,678 "," 4,565 "," 342,646 "," 1,468 ",68%, 233.40 ,3.10," 44,273 "," 41,641 "," 7,053,701 ",94%, 183.00 
E92000001,England,E12000008,South East,E07000062,Hastings," 26,027 "," 25,139 "," 6,601,612 ",97%, 262.60 , 185.20 ," 18,123 "," 14,124 "," 832,385 "," 3,909 ",78%, 212.90 ,3.60," 44,150 "," 39,263 "," 7,433,997 ",89%, 255.90 
E92000001,England,E12000008,South East,E07000090,Havant," 43,623 "," 42,963 "," 11,887,547 ",99%, 276.70 , 204.00 ," 11,673 "," 7,538 "," 589,440 "," 1,906 ",65%, 309.30 ,4.00," 55,296 "," 50,501 "," 12,476,987 ",91%, 278.10 
E92000001,England,E12000007,London,E09000016,Havering," 79,066 "," 78,456 "," 19,411,268 ",99%, 247.40 , 195.40 ," 27,018 "," 16,732 "," 1,219,022 "," 4,366 ",62%, 279.20 ,3.80," 106,084 "," 95,188 "," 20,630,289 ",90%, 249.10 
E92000001,England,E12000005,West Midlands,E06000019,"Herefordshire, County of"," 72,453 "," 67,262 "," 46,039,978 ",93%, 684.50 , 290.90 ," 13,513 "," 9,378 "," 3,407,385 "," 4,098 ",69%, 831.50 ,2.30," 85,966 "," 76,640 "," 49,447,363 ",89%, 692.90 
E92000001,England,E12000006,East of England,E07000098,Hertsmere," 31,109 "," 29,924 "," 9,890,829 ",96%, 330.50 , 229.20 ," 13,372 "," 6,125 "," 806,550 "," 1,945 ",46%, 414.70 ,3.10," 44,481 "," 36,049 "," 10,697,379 ",81%, 335.70 
E92000001,England,E12000004,East Midlands,E07000037,High Peak," 36,507 "," 34,885 "," 10,804,341 ",96%, 309.70 , 174.20 ," 6,432 "," 4,580 "," 533,888 "," 1,517 ",71%, 351.90 ,3.00," 42,939 "," 39,465 "," 11,338,228 ",92%, 311.50 
S92000003,Scotland,S15000001,Scotland,S12000017,Highland," 97,231 "," 91,012 "," 65,521,111 ",94%, 719.90 , 324.10 ," 24,213 "," 15,872 "," 6,217,466 "," 7,371 ",66%, 843.50 ,2.20," 121,444 "," 106,884 "," 71,738,576 ",88%, 729.20 
E92000001,England,E12000007,London,E09000017,Hillingdon," 76,362 "," 75,029 "," 17,640,260 ",98%, 235.10 , 187.60 ," 37,786 "," 25,070 "," 1,866,634 "," 7,366 ",66%, 253.40 ,3.40," 114,148 "," 100,099 "," 19,506,894 ",88%, 236.70 
E92000001,England,E12000004,East Midlands,E07000132,Hinckley and Bosworth," 45,371 "," 43,323 "," 14,078,248 ",96%, 325.00 , 218.40 ," 5,309 "," 3,363 "," 481,207 "," 1,199 ",63%, 401.30 ,2.80," 50,680 "," 46,686 "," 14,559,455 ",92%, 327.00 
E92000001,England,E12000008,South East,E07000227,Horsham," 50,402 "," 47,878 "," 30,663,189 ",95%, 640.40 , 259.40 ," 13,254 "," 8,818 "," 2,001,746 "," 2,600 ",67%, 769.90 ,3.40," 63,656 "," 56,696 "," 32,664,936 ",89%, 647.10 
E92000001,England,E12000007,London,E09000018,Hounslow," 54,698 "," 53,752 "," 8,950,899 ",98%, 166.50 , 145.40 ," 49,626 "," 31,151 "," 1,463,631 "," 7,505 ",63%, 195.00 ,4.20," 104,324 "," 84,903 "," 10,414,530 ",81%, 170.00 
E92000001,England,E12000006,East of England,E07000011,Huntingdonshire," 68,423 "," 65,543 "," 26,865,091 ",96%, 409.90 , 219.90 ," 9,673 "," 6,658 "," 1,146,380 "," 2,054 ",69%, 558.10 ,3.20," 78,096 "," 72,201 "," 28,011,472 ",93%, 414.40 
E92000001,England,E12000002,North West,E07000120,Hyndburn," 32,705 "," 31,855 "," 4,592,727 ",97%, 144.20 , 74.00 ," 4,191 "," 3,097 "," 278,382 "," 1,244 ",74%, 223.80 ,2.50," 36,896 "," 34,952 "," 4,871,109 ",95%, 147.20 
S92000003,Scotland,S15000001,Scotland,S12000018,Inverclyde," 19,670 "," 19,444 "," 5,672,963 ",99%, 291.80 , 203.50 ," 19,279 "," 15,217 "," 1,422,749 "," 3,441 ",79%, 413.50 ,4.40," 38,949 "," 34,661 "," 7,095,712 ",89%, 310.10 
E92000001,England,E12000006,East of England,E07000202,Ipswich," 44,881 "," 44,485 "," 10,331,600 ",99%, 232.20 , 189.50 ," 16,119 "," 9,386 "," 660,949 "," 2,531 ",58%, 261.10 ,3.70," 61,000 "," 53,871 "," 10,992,549 ",88%, 233.80 
W92000004,Wales,W08000001,Wales,W06000001,Isle of Anglesey," 31,655 "," 30,145 "," 16,552,542 ",95%, 549.10 , 302.00 ," 4,630 "," 3,273 "," 920,754 "," 1,364 ",71%, 675.00 ,2.40," 36,285 "," 33,418 "," 17,473,296 ",92%, 554.50 
E92000001,England,E12000008,South East,E06000046,Isle of Wight," 52,907 "," 50,470 "," 22,086,982 ",95%, 437.60 , 246.20 ," 20,808 "," 15,915 "," 2,626,025 "," 5,060 ",77%, 519.00 ,3.10," 73,715 "," 66,385 "," 24,713,007 ",90%, 445.00 
E92000001,England,E12000009,South West,E06000053,Isles of Scilly, 776 , 697 ," 438,206 ",90%, 628.70 , 335.30 , 453 , 340 ," 75,538 ", 145 ,75%, 521.00 ,2.30," 1,229 "," 1,037 "," 513,744 ",84%, 610.10 
E92000001,England,E12000007,London,E09000019,Islington," 15,362 "," 14,685 "," 1,205,022 ",96%, 82.10 , 63.20 ," 94,008 "," 62,643 "," 1,568,988 "," 13,002 ",67%, 120.70 ,4.80," 109,370 "," 77,328 "," 2,774,010 ",71%, 100.20 
E92000001,England,E12000007,London,E09000020,Kensington and Chelsea," 12,737 "," 10,763 "," 971,252 ",85%, 90.20 , 54.00 ," 77,735 "," 63,187 "," 990,281 "," 9,529 ",81%, 103.90 ,6.60," 90,472 "," 73,950 "," 1,961,533 ",82%, 96.70 
E92000001,England,E12000004,East Midlands,E07000153,Kettering," 39,010 "," 36,986 "," 10,063,382 ",95%, 272.10 , 178.00 ," 7,161 "," 5,011 "," 500,410 "," 1,683 ",70%, 297.30 ,3.00," 46,171 "," 41,997 "," 10,563,792 ",91%, 273.20 
E92000001,England,E12000006,East of England,E07000146,King's Lynn and West Norfolk," 64,377 "," 60,555 "," 33,830,997 ",94%, 558.70 , 312.30 ," 9,563 "," 6,081 "," 1,697,627 "," 2,234 ",64%, 759.90 ,2.70," 73,940 "," 66,636 "," 35,528,624 ",90%, 565.80 
E92000001,England,E12000003,Yorkshire and The Humber,E06000010,"Kingston upon Hull, City of"," 101,333 "," 100,193 "," 13,965,494 ",99%, 139.40 , 117.10 ," 20,622 "," 11,137 "," 651,552 "," 3,692 ",54%, 176.50 ,3.00," 121,955 "," 111,330 "," 14,617,046 ",91%, 140.70 
E92000001,England,E12000007,London,E09000021,Kingston upon Thames," 40,592 "," 40,190 "," 9,710,104 ",99%, 241.60 , 186.10 ," 26,808 "," 18,114 "," 1,118,059 "," 4,099 ",68%, 272.80 ,4.40," 67,400 "," 58,304 "," 10,828,164 ",87%, 244.50 
E92000001,England,E12000003,Yorkshire and The Humber,E08000034,Kirklees," 157,971 "," 147,960 "," 36,314,905 ",94%, 245.40 , 163.30 ," 29,183 "," 17,115 "," 2,148,741 "," 6,613 ",59%, 324.90 ,2.60," 187,154 "," 165,075 "," 38,463,647 ",88%, 248.80 
E92000001,England,E12000002,North West,E08000011,Knowsley," 60,532 "," 58,643 "," 11,222,576 ",97%, 191.40 , 158.10 ," 8,223 "," 4,989 "," 447,817 "," 2,000 ",61%, 223.90 ,2.50," 68,755 "," 63,632 "," 11,670,394 ",93%, 192.40 
E92000001,England,E12000007,London,E09000022,Lambeth," 33,467 "," 32,683 "," 4,276,354 ",98%, 130.80 , 85.70 ," 110,954 "," 75,841 "," 2,516,675 "," 18,647 ",68%, 135.00 ,4.10," 144,421 "," 108,524 "," 6,793,029 ",75%, 132.30 
E92000001,England,E12000002,North West,E07000121,Lancaster," 51,292 "," 48,947 "," 12,863,226 ",95%, 262.80 , 170.30 ," 15,315 "," 9,123 "," 661,988 "," 2,906 ",60%, 227.80 ,3.10," 66,607 "," 58,070 "," 13,525,213 ",87%, 260.80 
E92000001,England,E12000003,Yorkshire and The Humber,E08000035,Leeds," 267,797 "," 255,623 "," 57,691,085 ",96%, 225.70 , 170.90 ," 84,651 "," 44,848 "," 3,600,895 "," 12,792 ",53%, 281.50 ,3.50," 352,448 "," 300,471 "," 61,291,980 ",85%, 228.30 
E92000001,England,E12000004,East Midlands,E06000016,Leicester," 100,798 "," 99,120 "," 16,652,703 ",98%, 168.00 , 138.70 ," 39,519 "," 20,824 "," 862,098 "," 6,116 ",53%, 141.00 ,3.40," 140,317 "," 119,944 "," 17,514,801 ",86%, 166.40 
E92000001,England,E12000008,South East,E07000063,Lewes," 35,488 "," 34,343 "," 15,725,207 ",97%, 457.90 , 237.50 ," 10,217 "," 6,170 "," 1,106,293 "," 2,063 ",60%, 536.30 ,3.00," 45,705 "," 40,513 "," 16,831,500 ",89%, 462.30 
E92000001,England,E12000007,London,E09000023,Lewisham," 49,975 "," 49,274 "," 7,226,568 ",99%, 146.70 , 117.20 ," 87,446 "," 63,189 "," 3,082,270 "," 15,586 ",72%, 197.80 ,4.10," 137,421 "," 112,463 "," 10,308,838 ",82%, 158.90 
E92000001,England,E12000005,West Midlands,E07000194,Lichfield," 40,062 "," 38,395 "," 15,212,656 ",96%, 396.20 , 240.60 ," 6,325 "," 4,265 "," 713,419 "," 1,537 ",67%, 464.20 ,2.80," 46,387 "," 42,660 "," 15,926,075 ",92%, 398.80 
E92000001,England,E12000004,East Midlands,E07000138,Lincoln," 34,878 "," 34,385 "," 6,961,795 ",99%, 202.50 , 162.60 ," 10,737 "," 6,274 "," 438,776 "," 2,227 ",58%, 197.00 ,2.80," 45,615 "," 40,659 "," 7,400,572 ",89%, 202.10 
E92000001,England,E12000002,North West,E08000012,Liverpool," 165,726 "," 162,603 "," 22,803,051 ",98%, 140.20 , 122.60 ," 74,937 "," 39,370 "," 2,163,963 "," 10,251 ",53%, 211.10 ,3.80," 240,663 "," 201,973 "," 24,967,013 ",84%, 144.40 
E92000001,England,E12000006,East of England,E06000032,Luton," 59,735 "," 58,589 "," 11,689,200 ",98%, 199.50 , 175.40 ," 22,289 "," 13,004 "," 661,420 "," 3,258 ",58%, 203.00 ,4.00," 82,024 "," 71,593 "," 12,350,619 ",87%, 199.70 
E92000001,England,E12000008,South East,E07000110,Maidstone," 57,492 "," 54,842 "," 23,379,309 ",95%, 426.30 , 217.10 ," 17,981 "," 10,959 "," 2,847,043 "," 3,697 ",61%, 770.10 ,3.00," 75,473 "," 65,801 "," 26,226,351 ",87%, 448.00 
E92000001,England,E12000006,East of England,E07000074,Maldon," 25,367 "," 23,666 "," 13,749,893 ",93%, 581.00 , 264.60 ," 3,192 "," 2,268 "," 709,201 ", 859 ,71%, 825.60 ,2.60," 28,559 "," 25,934 "," 14,459,094 ",91%, 589.60 
E92000001,England,E12000005,West Midlands,E07000235,Malvern Hills," 30,504 "," 28,674 "," 20,781,370 ",94%, 724.70 , 351.30 ," 6,271 "," 4,445 "," 1,375,980 "," 1,587 ",71%, 867.00 ,2.80," 36,775 "," 33,119 "," 22,157,350 ",90%, 732.20 
E92000001,England,E12000002,North West,E08000003,Manchester," 144,465 "," 141,833 "," 20,298,422 ",98%, 143.10 , 125.70 ," 91,210 "," 45,010 "," 2,414,038 "," 11,240 ",49%, 214.80 ,4.00," 235,675 "," 186,843 "," 22,712,460 ",79%, 148.40 
E92000001,England,E12000004,East Midlands,E07000174,Mansfield," 44,680 "," 43,225 "," 10,638,165 ",97%, 246.10 , 192.80 ," 5,349 "," 3,480 "," 361,583 "," 1,225 ",65%, 295.20 ,2.80," 50,029 "," 46,705 "," 10,999,747 ",93%, 247.50 
E92000001,England,E12000008,South East,E06000035,Medway," 94,646 "," 92,907 "," 19,976,320 ",98%, 215.00 , 148.70 ," 21,199 "," 14,039 "," 935,529 "," 3,852 ",66%, 242.90 ,3.60," 115,845 "," 106,946 "," 20,911,849 ",92%, 216.10 
E92000001,England,E12000004,East Midlands,E07000133,Melton," 21,140 "," 20,095 "," 9,321,471 ",95%, 463.90 , 242.80 ," 2,078 "," 1,363 "," 230,228 ", 516 ,66%, 446.20 ,2.60," 23,218 "," 21,458 "," 9,551,699 ",92%, 463.40 
E92000001,England,E12000009,South West,E07000187,Mendip," 44,190 "," 42,160 "," 19,754,510 ",95%, 468.60 , 223.60 ," 9,012 "," 6,657 "," 1,884,050 "," 2,761 ",74%, 682.40 ,2.40," 53,202 "," 48,817 "," 21,638,560 ",92%, 481.70 
W92000004,Wales,W08000001,Wales,W06000024,Merthyr Tydfil," 24,647 "," 23,887 "," 4,316,403 ",97%, 180.70 , 115.10 ," 2,740 "," 1,599 "," 222,339 ", 840 ,58%, 264.70 ,1.90," 27,387 "," 25,486 "," 4,538,742 ",93%, 183.60 
E92000001,England,E12000007,London,E09000024,Merton," 49,764 "," 49,261 "," 8,054,674 ",99%, 163.50 , 119.50 ," 35,554 "," 25,818 "," 1,429,673 "," 8,083 ",73%, 176.90 ,3.20," 85,318 "," 75,079 "," 9,484,347 ",88%, 165.40 
E92000001,England,E12000009,South West,E07000042,Mid Devon," 31,657 "," 29,259 "," 17,031,360 ",92%, 582.10 , 245.80 ," 5,005 "," 3,495 "," 1,060,316 "," 1,492 ",70%, 710.70 ,2.30," 36,662 "," 32,754 "," 18,091,676 ",89%, 588.30 
E92000001,England,E12000006,East of England,E07000203,Mid Suffolk," 39,708 "," 37,609 "," 27,699,728 ",95%, 736.50 , 322.00 ," 5,509 "," 4,151 "," 2,090,053 "," 1,869 ",75%," 1,118.30 ",2.20," 45,217 "," 41,760 "," 29,789,782 ",92%, 754.60 
E92000001,England,E12000008,South East,E07000228,Mid Sussex," 50,143 "," 48,252 "," 24,214,111 ",96%, 501.80 , 254.90 ," 14,856 "," 9,909 "," 1,963,660 "," 3,037 ",67%, 646.60 ,3.30," 64,999 "," 58,161 "," 26,177,771 ",90%, 510.40 
E92000001,England,E12000001,North East,E06000002,Middlesbrough," 54,591 "," 54,052 "," 9,816,484 ",99%, 181.60 , 142.40 ," 9,666 "," 6,722 "," 381,823 "," 2,213 ",70%, 172.50 ,3.00," 64,257 "," 60,774 "," 10,198,307 ",95%, 181.30 
S92000003,Scotland,S15000001,Scotland,S12000019,Midlothian," 30,172 "," 29,471 "," 8,006,744 ",98%, 271.70 , 191.20 ," 9,781 "," 8,238 "," 1,142,175 "," 3,100 ",84%, 368.40 ,2.70," 39,953 "," 37,709 "," 9,148,918 ",94%, 280.90 
E92000001,England,E12000008,South East,E06000042,Milton Keynes," 92,906 "," 88,601 "," 19,580,479 ",95%, 221.00 , 148.00 ," 21,793 "," 10,808 "," 792,463 "," 3,020 ",50%, 262.40 ,3.60," 114,699 "," 99,409 "," 20,372,942 ",87%, 222.40 
E92000001,England,E12000008,South East,E07000210,Mole Valley," 28,715 "," 27,673 "," 20,880,597 ",96%, 754.50 , 383.90 ," 9,544 "," 6,394 "," 1,974,836 "," 2,135 ",67%, 925.00 ,3.00," 38,259 "," 34,067 "," 22,855,433 ",89%, 766.80 
W92000004,Wales,W08000001,Wales,W06000021,Monmouthshire," 36,544 "," 34,206 "," 19,092,621 ",94%, 558.20 , 260.20 ," 6,309 "," 4,143 "," 1,149,412 "," 1,465 ",66%, 784.60 ,2.80," 42,853 "," 38,349 "," 20,242,033 ",90%, 567.50 
S92000003,Scotland,S15000001,Scotland,S12000020,Moray," 38,759 "," 36,845 "," 19,197,106 ",95%, 521.00 , 247.90 ," 7,089 "," 4,872 "," 709,615 "," 1,915 ",69%, 370.60 ,2.50," 45,848 "," 41,717 "," 19,906,720 ",91%, 513.60 
S92000003,Scotland,S15000001,Scotland,S12000013,Na h-Eileanan Siar," 14,201 "," 13,270 "," 13,789,180 ",93%," 1,039.10 ", 727.20 ," 1,286 ", 863 ," 289,668 ", 383 ,67%, 756.30 ,2.30," 15,487 "," 14,133 "," 14,078,848 ",91%," 1,031.20 "
W92000004,Wales,W08000001,Wales,W06000012,Neath Port Talbot," 57,946 "," 56,534 "," 14,254,353 ",98%, 252.10 , 190.80 ," 8,076 "," 5,470 "," 682,824 "," 2,282 ",68%, 299.20 ,2.40," 66,022 "," 62,004 "," 14,937,177 ",94%, 254.00 
E92000001,England,E12000008,South East,E07000091,New Forest," 68,436 "," 65,923 "," 35,703,705 ",96%, 541.60 , 280.90 ," 13,242 "," 8,851 "," 1,831,713 "," 2,611 ",67%, 701.50 ,3.40," 81,678 "," 74,774 "," 37,535,417 ",92%, 547.70 
E92000001,England,E12000004,East Midlands,E07000175,Newark and Sherwood," 48,991 "," 46,741 "," 20,156,675 ",95%, 431.20 , 241.90 ," 5,491 "," 4,089 "," 786,230 "," 1,576 ",75%, 498.90 ,2.60," 54,482 "," 50,830 "," 20,942,905 ",93%, 433.40 
E92000001,England,E12000001,North East,E08000021,Newcastle upon Tyne," 82,375 "," 81,498 "," 14,274,913 ",99%, 175.20 , 147.10 ," 52,753 "," 34,956 "," 1,543,901 "," 11,600 ",66%, 133.10 ,3.00," 135,128 "," 116,454 "," 15,818,814 ",86%, 169.90 
E92000001,England,E12000005,West Midlands,E07000195,Newcastle-under-Lyme," 48,547 "," 47,323 "," 14,669,588 ",98%, 310.00 , 208.30 ," 7,289 "," 4,362 "," 673,866 "," 1,555 ",60%, 433.40 ,2.80," 55,836 "," 51,685 "," 15,343,454 ",93%, 313.90 
E92000001,England,E12000007,London,E09000025,Newham," 53,508 "," 52,935 "," 5,245,190 ",99%, 99.10 , 69.80 ," 67,181 "," 46,123 "," 1,338,863 "," 10,797 ",69%, 124.00 ,4.30," 120,689 "," 99,058 "," 6,584,054 ",82%, 103.30 
W92000004,Wales,W08000001,Wales,W06000022,Newport," 55,288 "," 53,714 "," 12,593,554 ",97%, 234.50 , 158.00 ," 13,279 "," 7,727 "," 663,307 "," 2,673 ",58%, 248.20 ,2.90," 68,567 "," 61,441 "," 13,256,861 ",90%, 235.10 
S92000003,Scotland,S15000001,Scotland,S12000021,North Ayrshire," 48,617 "," 46,564 "," 14,513,343 ",96%, 311.70 , 199.10 ," 23,252 "," 17,459 "," 2,325,763 "," 5,471 ",75%, 425.10 ,3.20," 71,869 "," 64,023 "," 16,839,106 ",89%, 323.60 
E92000001,England,E12000009,South West,E07000043,North Devon," 36,123 "," 33,512 "," 16,168,315 ",93%, 482.50 , 237.30 ," 10,964 "," 7,956 "," 2,037,014 "," 3,456 ",73%, 589.40 ,2.30," 47,087 "," 41,468 "," 18,205,328 ",88%, 492.50 
E92000001,England,E12000004,East Midlands,E07000038,North East Derbyshire," 42,868 "," 41,056 "," 14,640,827 ",96%, 356.60 , 219.60 ," 3,540 "," 2,444 "," 479,295 "," 1,017 ",69%, 471.30 ,2.40," 46,408 "," 43,500 "," 15,120,122 ",94%, 359.40 
E92000001,England,E12000003,Yorkshire and The Humber,E06000012,North East Lincolnshire," 63,921 "," 63,262 "," 15,149,558 ",99%, 239.50 , 172.60 ," 9,590 "," 6,927 "," 541,285 "," 2,708 ",72%, 199.90 ,2.60," 73,511 "," 70,189 "," 15,690,843 ",96%, 237.80 
E92000001,England,E12000006,East of England,E07000099,North Hertfordshire," 45,416 "," 44,322 "," 17,983,379 ",98%, 405.70 , 228.00 ," 12,695 "," 7,075 "," 1,158,883 "," 2,081 ",56%, 556.90 ,3.40," 58,111 "," 51,397 "," 19,142,262 ",88%, 412.50 
E92000001,England,E12000004,East Midlands,E07000139,North Kesteven," 48,271 "," 46,771 "," 20,264,960 ",97%, 433.30 , 274.10 ," 3,920 "," 2,857 "," 1,074,153 "," 1,324 ",73%, 811.30 ,2.20," 52,191 "," 49,628 "," 21,339,113 ",95%, 443.70 
S92000003,Scotland,S15000001,Scotland,S12000050,North Lanarkshire," 106,227 "," 103,940 "," 24,742,490 ",98%, 238.00 , 190.20 ," 51,273 "," 37,062 "," 4,488,451 "," 12,703 ",72%, 353.30 ,2.90," 157,500 "," 141,002 "," 29,230,942 ",90%, 250.60 
E92000001,England,E12000003,Yorkshire and The Humber,E06000013,North Lincolnshire," 67,924 "," 65,324 "," 26,462,660 ",96%, 405.10 , 243.40 ," 8,160 "," 5,664 "," 995,218 "," 2,705 ",69%, 367.90 ,2.10," 76,084 "," 70,988 "," 27,457,878 ",93%, 403.60 
E92000001,England,E12000006,East of England,E07000147,North Norfolk," 47,794 "," 44,803 "," 28,135,248 ",94%, 628.00 , 346.30 ," 7,274 "," 5,470 "," 1,181,501 "," 1,797 ",75%, 657.50 ,3.00," 55,068 "," 50,273 "," 29,316,749 ",91%, 629.10 
E92000001,England,E12000009,South West,E06000024,North Somerset," 74,505 "," 71,857 "," 25,263,197 ",96%, 351.60 , 212.90 ," 24,443 "," 17,627 "," 2,303,750 "," 5,416 ",72%, 425.40 ,3.30," 98,948 "," 89,484 "," 27,566,947 ",90%, 356.70 
E92000001,England,E12000001,North East,E08000022,North Tyneside," 74,696 "," 73,638 "," 12,569,671 ",99%, 170.70 , 149.90 ," 24,829 "," 20,362 "," 1,062,114 "," 7,775 ",82%, 136.60 ,2.60," 99,525 "," 94,000 "," 13,631,785 ",94%, 167.40 
E92000001,England,E12000005,West Midlands,E07000218,North Warwickshire," 25,297 "," 24,467 "," 9,498,194 ",97%, 388.20 , 213.00 ," 3,381 "," 2,444 "," 520,653 ", 862 ,72%, 604.00 ,2.80," 28,678 "," 26,911 "," 10,018,847 ",94%, 395.50 
E92000001,England,E12000004,East Midlands,E07000134,North West Leicestershire," 41,390 "," 38,713 "," 13,523,546 ",94%, 349.30 , 229.80 ," 3,743 "," 2,459 "," 479,224 ", 982 ,66%, 488.00 ,2.50," 45,133 "," 41,172 "," 14,002,769 ",91%, 352.80 
E92000001,England,E12000004,East Midlands,E07000154,Northampton," 78,116 "," 76,842 "," 15,432,721 ",98%, 200.80 , 156.20 ," 20,840 "," 12,690 "," 583,505 "," 3,310 ",61%, 176.30 ,3.80," 98,956 "," 89,532 "," 16,016,226 ",91%, 199.80 
E92000001,England,E12000001,North East,E06000057,Northumberland," 135,376 "," 129,630 "," 44,442,982 ",96%, 342.80 , 178.50 ," 21,064 "," 15,515 "," 2,469,558 "," 6,956 ",74%, 355.00 ,2.20," 156,440 "," 145,145 "," 46,912,540 ",93%, 343.50 
E92000001,England,E12000006,East of England,E07000148,Norwich," 41,887 "," 41,291 "," 8,573,618 ",99%, 207.60 , 140.10 ," 24,367 "," 13,286 "," 967,682 "," 4,643 ",55%, 208.40 ,2.90," 66,254 "," 54,577 "," 9,541,301 ",82%, 207.70 
E92000001,England,E12000004,East Midlands,E06000018,Nottingham," 99,467 "," 97,378 "," 16,889,334 ",98%, 173.40 , 147.20 ," 40,628 "," 18,966 "," 1,124,659 "," 5,543 ",47%, 202.90 ,3.40," 140,095 "," 116,344 "," 18,013,993 ",83%, 175.00 
E92000001,England,E12000005,West Midlands,E07000219,Nuneaton and Bedworth," 50,196 "," 48,990 "," 11,199,254 ",98%, 228.60 , 181.60 ," 7,802 "," 5,294 "," 397,447 "," 1,628 ",68%, 244.10 ,3.30," 57,998 "," 54,284 "," 11,596,701 ",94%, 229.10 
E92000001,England,E12000004,East Midlands,E07000135,Oadby and Wigston," 21,280 "," 20,652 "," 5,773,586 ",97%, 279.60 , 215.10 ," 2,367 "," 1,241 "," 104,554 ", 381 ,52%, 274.40 ,3.30," 23,647 "," 21,893 "," 5,878,140 ",93%, 279.50 
E92000001,England,E12000002,North West,E08000004,Oldham," 82,685 "," 80,214 "," 12,971,358 ",97%, 161.70 , 119.10 ," 16,796 "," 10,515 "," 953,569 "," 3,678 ",63%, 259.30 ,2.90," 99,481 "," 90,729 "," 13,924,927 ",91%, 166.00 
S92000003,Scotland,S15000001,Scotland,S12000023,Orkney Islands," 10,320 "," 9,321 "," 8,456,260 ",90%, 907.20 , 531.20 ," 1,411 ", 848 ," 308,539 ", 424 ,60%, 727.70 ,2.00," 11,731 "," 10,169 "," 8,764,799 ",87%, 899.40 
E92000001,England,E12000008,South East,E07000178,Oxford," 34,134 "," 33,700 "," 6,992,706 ",99%, 207.50 , 160.70 ," 24,533 "," 15,533 "," 1,209,055 "," 4,527 ",63%, 267.10 ,3.40," 58,667 "," 49,233 "," 8,201,761 ",84%, 214.60 
W92000004,Wales,W08000001,Wales,W06000009,Pembrokeshire," 51,694 "," 48,822 "," 26,779,651 ",94%, 548.50 , 300.80 ," 11,766 "," 8,321 "," 2,797,393 "," 3,744 ",71%, 747.20 ,2.20," 63,460 "," 57,143 "," 29,577,044 ",90%, 562.70 
E92000001,England,E12000002,North West,E07000122,Pendle," 36,913 "," 35,558 "," 6,650,331 ",96%, 187.00 , 63.50 ," 3,675 "," 2,447 "," 311,091 "," 1,066 ",67%, 291.80 ,2.30," 40,588 "," 38,005 "," 6,961,422 ",94%, 190.10 
S92000003,Scotland,S15000001,Scotland,S12000048,Perth and Kinross," 52,608 "," 49,585 "," 32,394,983 ",94%, 653.30 , 339.90 ," 21,136 "," 14,134 "," 3,559,762 "," 5,206 ",67%, 683.80 ,2.70," 73,744 "," 63,719 "," 35,954,746 ",86%, 656.20 
E92000001,England,E12000006,East of England,E06000031,Peterborough," 70,657 "," 69,650 "," 17,286,583 ",99%, 248.20 , 165.70 ," 15,168 "," 10,820 "," 750,737 "," 3,050 ",71%, 246.10 ,3.50," 85,825 "," 80,470 "," 18,037,320 ",94%, 248.10 
E92000001,England,E12000009,South West,E06000026,Plymouth," 86,944 "," 85,566 "," 15,749,525 ",98%, 184.10 , 140.80 ," 37,849 "," 27,382 "," 1,366,129 "," 8,051 ",72%, 169.70 ,3.40," 124,793 "," 112,948 "," 17,115,654 ",91%, 182.80 
E92000001,England,E12000008,South East,E06000044,Portsmouth," 56,073 "," 55,452 "," 6,428,371 ",99%, 115.90 , 75.40 ," 35,440 "," 23,169 "," 768,803 "," 5,568 ",65%, 138.10 ,4.20," 91,513 "," 78,621 "," 7,197,174 ",86%, 117.90 
W92000004,Wales,W08000001,Wales,W06000023,Powys," 56,066 "," 51,532 "," 34,239,427 ",92%, 664.40 , 348.40 ," 9,585 "," 6,532 "," 2,110,382 "," 3,142 ",68%, 671.70 ,2.10," 65,651 "," 58,064 "," 36,349,809 ",88%, 664.80 
E92000001,England,E12000002,North West,E07000123,Preston," 49,470 "," 47,563 "," 10,734,923 ",96%, 225.70 , 154.70 ," 13,020 "," 7,489 "," 529,106 "," 2,784 ",58%, 190.10 ,2.70," 62,490 "," 55,052 "," 11,264,029 ",88%, 223.70 
E92000001,England,E12000008,South East,E06000038,Reading," 46,059 "," 45,579 "," 10,298,783 ",99%, 226.00 , 161.90 ," 26,219 "," 16,814 "," 928,654 "," 3,500 ",64%, 265.30 ,4.80," 72,278 "," 62,393 "," 11,227,437 ",86%, 228.80 
E92000001,England,E12000007,London,E09000026,Redbridge," 68,487 "," 67,773 "," 13,092,634 ",99%, 193.20 , 156.70 ," 37,144 "," 24,931 "," 1,498,434 "," 6,653 ",67%, 225.20 ,3.70," 105,631 "," 92,704 "," 14,591,068 ",88%, 196.00 
E92000001,England,E12000001,North East,E06000003,Redcar and Cleveland," 57,897 "," 56,192 "," 11,367,112 ",97%, 202.30 , 162.20 ," 7,438 "," 5,710 "," 375,902 "," 1,983 ",77%, 189.60 ,2.90," 65,335 "," 61,902 "," 11,743,014 ",95%, 201.90 
E92000001,England,E12000005,West Midlands,E07000236,Redditch," 31,052 "," 30,551 "," 7,225,915 ",98%, 236.50 , 164.60 ," 6,631 "," 4,935 "," 457,816 "," 1,740 ",74%, 263.10 ,2.80," 37,683 "," 35,486 "," 7,683,731 ",94%, 238.00 
E92000001,England,E12000008,South East,E07000211,Reigate and Banstead," 44,288 "," 43,008 "," 20,795,024 ",97%, 483.50 , 265.30 ," 16,937 "," 10,122 "," 1,635,525 "," 2,900 ",60%, 564.00 ,3.50," 61,225 "," 53,130 "," 22,430,549 ",87%, 488.60 
S92000003,Scotland,S15000001,Scotland,S12000038,Renfrewshire," 49,939 "," 48,477 "," 13,046,522 ",97%, 269.10 , 196.60 ," 37,868 "," 27,968 "," 2,706,119 "," 7,110 ",74%, 380.60 ,3.90," 87,807 "," 76,445 "," 15,752,640 ",87%, 283.40 
W92000004,Wales,W08000001,Wales,W06000016,Rhondda Cynon Taf," 98,424 "," 95,625 "," 16,690,170 ",97%, 174.50 , 110.60 ," 12,461 "," 9,010 "," 1,044,732 "," 4,035 ",72%, 258.90 ,2.20," 110,885 "," 104,635 "," 17,734,902 ",94%, 178.00 
E92000001,England,E12000002,North West,E07000124,Ribble Valley," 25,105 "," 23,216 "," 9,858,787 ",93%, 424.70 , 213.20 ," 2,808 "," 1,760 "," 374,108 ", 784 ,63%, 477.20 ,2.20," 27,913 "," 24,976 "," 10,232,895 ",90%, 426.40 
E92000001,England,E12000007,London,E09000027,Richmond upon Thames," 48,615 "," 47,884 "," 8,903,117 ",99%, 185.90 , 137.50 ," 36,892 "," 27,259 "," 1,611,821 "," 6,860 ",74%, 235.00 ,4.00," 85,507 "," 75,143 "," 10,514,937 ",88%, 192.10 
E92000001,England,E12000003,Yorkshire and The Humber,E07000166,Richmondshire," 20,081 "," 18,965 "," 7,965,270 ",94%, 420.00 , 221.20 ," 3,606 "," 2,376 "," 756,194 "," 1,097 ",66%, 689.30 ,2.20," 23,687 "," 21,341 "," 8,721,464 ",90%, 434.70 
E92000001,England,E12000002,North West,E08000005,Rochdale," 81,183 "," 78,379 "," 14,614,592 ",97%, 186.50 , 144.50 ," 15,117 "," 10,297 "," 750,053 "," 3,569 ",68%, 210.20 ,2.90," 96,300 "," 88,676 "," 15,364,645 ",92%, 187.50 
E92000001,England,E12000006,East of England,E07000075,Rochford," 31,743 "," 30,511 "," 11,340,739 ",96%, 371.70 , 242.60 ," 4,341 "," 2,175 "," 221,281 ", 666 ,50%, 332.30 ,3.30," 36,084 "," 32,686 "," 11,562,019 ",91%, 370.90 
E92000001,England,E12000002,North West,E07000125,Rossendale," 27,758 "," 25,870 "," 5,768,828 ",93%, 223.00 , 145.10 ," 4,417 "," 2,967 "," 358,776 "," 1,266 ",67%, 283.40 ,2.30," 32,175 "," 28,837 "," 6,127,605 ",90%, 225.80 
E92000001,England,E12000008,South East,E07000064,Rother," 33,160 "," 31,576 "," 23,292,845 ",95%, 737.70 , 364.60 ," 12,947 "," 9,088 "," 2,460,399 "," 3,244 ",70%, 758.40 ,2.80," 46,107 "," 40,664 "," 25,753,244 ",88%, 739.60 
E92000001,England,E12000003,Yorkshire and The Humber,E08000018,Rotherham," 104,199 "," 102,273 "," 24,970,729 ",98%, 244.20 , 195.30 ," 14,526 "," 10,255 "," 1,179,757 "," 3,712 ",71%, 317.80 ,2.80," 118,725 "," 112,528 "," 26,150,486 ",95%, 246.70 
E92000001,England,E12000005,West Midlands,E07000220,Rugby," 41,158 "," 38,767 "," 16,463,502 ",94%, 424.70 , 199.70 ," 7,212 "," 4,170 "," 661,225 "," 1,350 ",58%, 489.80 ,3.10," 48,370 "," 42,937 "," 17,124,727 ",89%, 426.90 
E92000001,England,E12000008,South East,E07000212,Runnymede," 25,966 "," 25,295 "," 10,928,917 ",97%, 432.10 , 237.20 ," 9,902 "," 6,186 "," 1,170,279 "," 1,609 ",63%, 727.30 ,3.80," 35,868 "," 31,481 "," 12,099,196 ",88%, 449.70 
E92000001,England,E12000004,East Midlands,E07000176,Rushcliffe," 43,641 "," 41,038 "," 16,467,367 ",94%, 401.30 , 242.90 ," 7,968 "," 5,470 "," 1,283,849 "," 2,267 ",69%, 566.30 ,2.40," 51,609 "," 46,508 "," 17,751,217 ",90%, 409.90 
E92000001,England,E12000008,South East,E07000092,Rushmoor," 28,841 "," 28,450 "," 6,445,019 ",99%, 226.50 , 171.90 ," 11,769 "," 7,706 "," 585,941 "," 1,880 ",66%, 311.70 ,4.10," 40,610 "," 36,156 "," 7,030,960 ",89%, 231.80 
E92000001,England,E12000004,East Midlands,E06000017,Rutland," 15,944 "," 14,777 "," 8,090,322 ",93%, 547.50 , 291.80 ," 1,767 "," 1,015 "," 291,711 ", 395 ,57%, 738.50 ,2.60," 17,711 "," 15,792 "," 8,382,033 ",89%, 552.50 
E92000001,England,E12000003,Yorkshire and The Humber,E07000167,Ryedale," 23,649 "," 21,483 "," 13,060,823 ",91%, 608.00 , 297.10 ," 3,312 "," 2,203 "," 734,389 "," 1,031 ",67%, 712.30 ,2.10," 26,961 "," 23,686 "," 13,795,212 ",88%, 612.70 
E92000001,England,E12000002,North West,E08000006,Salford," 82,032 "," 80,313 "," 13,317,351 ",98%, 165.80 , 137.30 ," 40,062 "," 19,881 "," 1,082,492 "," 4,468 ",50%, 242.30 ,4.40," 122,094 "," 100,194 "," 14,399,844 ",82%, 169.80 
E92000001,England,E12000005,West Midlands,E08000028,Sandwell," 107,475 "," 106,510 "," 19,929,243 ",99%, 187.10 , 167.20 ," 26,498 "," 16,407 "," 1,078,986 "," 5,508 ",62%, 195.90 ,3.00," 133,973 "," 122,917 "," 21,008,229 ",92%, 187.50 
E92000001,England,E12000003,Yorkshire and The Humber,E07000168,Scarborough," 41,374 "," 39,749 "," 12,894,707 ",96%, 324.40 , 197.60 ," 15,777 "," 12,282 "," 1,096,373 "," 3,625 ",78%, 302.40 ,3.40," 57,151 "," 52,031 "," 13,991,079 ",91%, 322.60 
S92000003,Scotland,S15000001,Scotland,S12000026,Scottish Borders," 40,349 "," 37,636 "," 21,503,136 ",93%, 571.30 , 288.50 ," 18,650 "," 13,702 "," 2,223,909 "," 5,040 ",74%, 441.30 ,2.70," 58,999 "," 51,338 "," 23,727,045 ",87%, 556.00 
E92000001,England,E12000009,South West,E07000188,Sedgemoor," 46,586 "," 44,588 "," 18,157,096 ",96%, 407.20 , 212.20 ," 9,648 "," 6,501 "," 1,510,034 "," 2,321 ",67%, 650.60 ,2.80," 56,234 "," 51,089 "," 19,667,130 ",91%, 419.30 
E92000001,England,E12000002,North West,E08000014,Sefton," 99,923 "," 98,292 "," 23,109,119 ",98%, 235.10 , 177.70 ," 30,209 "," 21,577 "," 1,854,475 "," 5,880 ",71%, 315.40 ,3.70," 130,132 "," 119,869 "," 24,963,594 ",92%, 239.60 
E92000001,England,E12000003,Yorkshire and The Humber,E07000169,Selby," 35,537 "," 33,696 "," 13,483,629 ",95%, 400.20 , 225.70 ," 4,743 "," 3,273 "," 1,015,322 "," 1,481 ",69%, 685.60 ,2.20," 40,280 "," 36,969 "," 14,498,951 ",92%, 412.20 
E92000001,England,E12000008,South East,E07000111,Sevenoaks," 41,870 "," 40,146 "," 27,919,458 ",96%, 695.40 , 280.70 ," 9,234 "," 6,256 "," 1,853,387 "," 2,317 ",68%, 799.90 ,2.70," 51,104 "," 46,402 "," 29,772,845 ",91%, 701.10 
E92000001,England,E12000003,Yorkshire and The Humber,E08000019,Sheffield," 188,826 "," 185,591 "," 39,851,566 ",98%, 214.70 , 171.50 ," 67,958 "," 34,945 "," 2,219,968 "," 8,792 ",51%, 252.50 ,4.00," 256,784 "," 220,536 "," 42,071,534 ",86%, 216.40 
S92000003,Scotland,S15000001,Scotland,S12000027,Shetland Islands," 9,085 "," 8,431 "," 5,539,823 ",93%, 657.10 , 417.40 ," 1,260 ", 925 ," 183,679 ", 443 ,73%, 414.60 ,2.10," 10,345 "," 9,356 "," 5,723,502 ",90%, 645.00 
E92000001,England,E12000005,West Midlands,E06000051,Shropshire," 128,587 "," 120,479 "," 68,912,080 ",94%, 572.00 , 281.60 ," 18,928 "," 11,905 "," 3,442,505 "," 4,794 ",63%, 718.10 ,2.50," 147,515 "," 132,384 "," 72,354,585 ",90%, 577.60 
E92000001,England,E12000008,South East,E06000039,Slough," 35,064 "," 34,069 "," 6,037,808 ",97%, 177.20 , 143.20 ," 20,168 "," 10,780 "," 706,706 "," 3,195 ",54%, 221.20 ,3.40," 55,232 "," 44,849 "," 6,744,514 ",81%, 181.00 
E92000001,England,E12000005,West Midlands,E08000029,Solihull," 74,923 "," 73,180 "," 26,072,344 ",98%, 356.30 , 243.60 ," 18,827 "," 10,953 "," 1,341,915 "," 3,199 ",58%, 419.50 ,3.40," 93,750 "," 84,133 "," 27,414,259 ",90%, 358.90 
E92000001,England,E12000009,South West,E07000246,Somerset West and Taunton," 58,652 "," 56,054 "," 26,338,725 ",96%, 469.90 , 222.60 ," 15,240 "," 11,206 "," 3,003,190 "," 4,115 ",74%, 729.80 ,2.70," 73,892 "," 67,260 "," 29,341,915 ",91%, 487.70 
S92000003,Scotland,S15000001,Scotland,S12000028,South Ayrshire," 40,231 "," 38,673 "," 15,334,390 ",96%, 396.50 , 250.30 ," 16,332 "," 11,613 "," 1,535,079 "," 3,876 ",71%, 396.00 ,3.00," 56,563 "," 50,286 "," 16,869,469 ",89%, 396.50 
E92000001,England,E12000008,South East,E07000006,South Bucks," 22,356 "," 20,603 "," 13,901,899 ",92%, 674.80 , 366.30 ," 7,342 "," 4,718 "," 965,597 "," 1,329 ",64%, 726.60 ,3.60," 29,698 "," 25,321 "," 14,867,496 ",85%, 677.90 
E92000001,England,E12000006,East of England,E07000012,South Cambridgeshire," 61,589 "," 59,058 "," 29,727,161 ",96%, 503.40 , 257.60 ," 6,264 "," 4,427 "," 1,450,846 "," 1,634 ",71%, 887.90 ,2.70," 67,853 "," 63,485 "," 31,178,007 ",94%, 513.70 
E92000001,England,E12000004,East Midlands,E07000039,South Derbyshire," 41,750 "," 38,361 "," 12,937,055 ",92%, 337.20 , 204.10 ," 3,842 "," 2,485 "," 515,964 ", 977 ,65%, 528.10 ,2.50," 45,592 "," 40,846 "," 13,453,019 ",90%, 342.00 
E92000001,England,E12000009,South West,E06000025,South Gloucestershire," 103,322 "," 99,398 "," 29,027,405 ",96%, 292.00 , 180.60 ," 16,812 "," 10,788 "," 1,406,734 "," 3,150 ",64%, 446.60 ,3.40," 120,134 "," 110,186 "," 30,434,140 ",92%, 296.80 
E92000001,England,E12000009,South West,E07000044,South Hams," 36,542 "," 33,501 "," 18,909,857 ",92%, 564.50 , 269.90 ," 8,130 "," 5,773 "," 1,856,183 "," 2,429 ",71%, 764.20 ,2.40," 44,672 "," 39,274 "," 20,766,040 ",88%, 578.00 
E92000001,England,E12000004,East Midlands,E07000140,South Holland," 38,531 "," 37,191 "," 19,729,642 ",97%, 530.50 , 327.40 ," 2,837 "," 2,094 "," 745,277 "," 1,011 ",74%, 737.20 ,2.10," 41,368 "," 39,285 "," 20,474,919 ",95%, 536.00 
E92000001,England,E12000004,East Midlands,E07000141,South Kesteven," 57,792 "," 55,753 "," 23,140,901 ",97%, 415.10 , 235.90 ," 7,027 "," 5,282 "," 883,026 "," 1,719 ",75%, 513.70 ,3.10," 64,819 "," 61,035 "," 24,023,927 ",94%, 418.00 
E92000001,England,E12000002,North West,E07000031,South Lakeland," 42,378 "," 38,848 "," 17,404,377 ",92%, 448.00 , 229.40 ," 12,582 "," 7,957 "," 2,234,007 "," 3,510 ",63%, 636.50 ,2.30," 54,960 "," 46,805 "," 19,638,383 ",85%, 463.60 
S92000003,Scotland,S15000001,Scotland,S12000029,South Lanarkshire," 106,307 "," 103,008 "," 30,548,019 ",97%, 296.60 , 204.70 ," 47,554 "," 32,228 "," 3,520,403 "," 9,496 ",68%, 370.70 ,3.40," 153,861 "," 135,236 "," 34,068,422 ",88%, 302.80 
E92000001,England,E12000006,East of England,E07000149,South Norfolk," 56,916 "," 54,555 "," 34,425,221 ",96%, 631.00 , 324.30 ," 5,588 "," 4,341 "," 1,551,486 "," 1,578 ",78%, 983.20 ,2.80," 62,504 "," 58,896 "," 35,976,707 ",94%, 640.90 
E92000001,England,E12000004,East Midlands,E07000155,South Northamptonshire," 37,339 "," 34,603 "," 15,986,405 ",93%, 462.00 , 257.50 ," 3,301 "," 2,193 "," 660,465 ", 845 ,66%, 781.60 ,2.60," 40,640 "," 36,796 "," 16,646,870 ",91%, 469.60 
E92000001,England,E12000008,South East,E07000179,South Oxfordshire," 54,296 "," 50,965 "," 31,488,583 ",94%, 617.80 , 254.40 ," 9,048 "," 6,605 "," 1,926,603 "," 2,264 ",73%, 851.00 ,2.90," 63,344 "," 57,570 "," 33,415,186 ",91%, 627.80 
E92000001,England,E12000002,North West,E07000126,South Ribble," 45,024 "," 43,019 "," 11,718,163 ",96%, 272.40 , 192.40 ," 4,963 "," 3,454 "," 454,578 "," 1,305 ",70%, 348.30 ,2.60," 49,987 "," 46,473 "," 12,172,741 ",93%, 274.60 
E92000001,England,E12000009,South West,E07000189,South Somerset," 65,136 "," 62,460 "," 31,190,263 ",96%, 499.40 , 242.00 ," 13,896 "," 10,635 "," 2,991,752 "," 4,355 ",77%, 687.00 ,2.40," 79,032 "," 73,095 "," 34,182,015 ",93%, 511.60 
E92000001,England,E12000005,West Midlands,E07000196,South Staffordshire," 42,047 "," 40,502 "," 17,032,901 ",96%, 420.50 , 239.90 ," 5,574 "," 3,575 "," 1,023,814 "," 1,481 ",64%, 691.30 ,2.40," 47,621 "," 44,077 "," 18,056,715 ",93%, 430.10 
E92000001,England,E12000001,North East,E08000023,South Tyneside," 55,418 "," 54,802 "," 9,374,104 ",99%, 171.10 , 143.40 ," 16,746 "," 14,849 "," 681,925 "," 6,099 ",89%, 111.80 ,2.40," 72,164 "," 69,651 "," 10,056,029 ",97%, 165.10 
E92000001,England,E12000008,South East,E06000045,Southampton," 60,726 "," 60,304 "," 11,648,845 ",99%, 193.20 , 158.00 ," 46,141 "," 28,268 "," 1,620,418 "," 6,334 ",61%, 255.80 ,4.50," 106,867 "," 88,572 "," 13,269,263 ",83%, 199.10 
E92000001,England,E12000006,East of England,E06000033,Southend-on-Sea," 50,944 "," 50,169 "," 11,448,495 ",99%, 228.20 , 196.90 ," 30,856 "," 20,122 "," 1,229,693 "," 7,240 ",65%, 169.80 ,2.80," 81,800 "," 70,291 "," 12,678,187 ",86%, 220.80 
E92000001,England,E12000007,London,E09000028,Southwark," 27,823 "," 26,917 "," 3,364,092 ",97%, 125.00 , 76.20 ," 113,104 "," 66,531 "," 1,767,235 "," 11,821 ",59%, 149.50 ,5.60," 140,927 "," 93,448 "," 5,131,326 ",66%, 132.50 
E92000001,England,E12000008,South East,E07000213,Spelthorne," 31,135 "," 30,671 "," 7,262,282 ",99%, 236.80 , 190.00 ," 12,090 "," 8,410 "," 675,355 "," 2,459 ",70%, 274.60 ,3.40," 43,225 "," 39,081 "," 7,937,636 ",90%, 239.60 
E92000001,England,E12000006,East of England,E07000240,St Albans," 46,139 "," 44,535 "," 16,305,665 ",97%, 366.10 , 256.30 ," 15,419 "," 6,013 "," 739,740 "," 2,147 ",39%, 344.50 ,2.80," 61,558 "," 50,548 "," 17,045,405 ",82%, 365.10 
E92000001,England,E12000002,North West,E08000013,St. Helens," 75,564 "," 73,752 "," 14,038,122 ",98%, 190.30 , 151.90 ," 8,555 "," 5,755 "," 477,853 "," 2,113 ",67%, 226.10 ,2.70," 84,119 "," 79,507 "," 14,515,974 ",95%, 191.30 
E92000001,England,E12000005,West Midlands,E07000197,Stafford," 53,038 "," 51,476 "," 20,749,268 ",97%, 403.10 , 230.60 ," 9,147 "," 5,702 "," 1,083,132 "," 2,085 ",62%, 519.50 ,2.70," 62,185 "," 57,178 "," 21,832,400 ",92%, 407.60 
E92000001,England,E12000005,West Midlands,E07000198,Staffordshire Moorlands," 41,158 "," 39,457 "," 16,227,287 ",96%, 411.30 , 232.30 ," 3,505 "," 2,152 "," 537,500 ", 931 ,61%, 577.30 ,2.30," 44,663 "," 41,609 "," 16,764,787 ",93%, 415.10 
E92000001,England,E12000006,East of England,E07000243,Stevenage," 29,023 "," 28,464 "," 4,957,304 ",98%, 174.20 , 139.10 ," 8,533 "," 4,033 "," 234,088 ", 985 ,47%, 237.70 ,4.10," 37,556 "," 32,497 "," 5,191,392 ",87%, 176.30 
S92000003,Scotland,S15000001,Scotland,S12000030,Stirling," 29,723 "," 28,350 "," 15,464,210 ",95%, 545.50 , 268.00 ," 11,832 "," 9,215 "," 1,406,833 "," 2,927 ",78%, 480.60 ,3.10," 41,555 "," 37,565 "," 16,871,043 ",90%, 539.40 
E92000001,England,E12000002,North West,E08000007,Stockport," 108,038 "," 106,253 "," 26,049,516 ",98%, 245.20 , 182.70 ," 23,034 "," 12,684 "," 1,274,854 "," 3,854 ",55%, 330.80 ,3.30," 131,072 "," 118,937 "," 27,324,370 ",91%, 248.20 
E92000001,England,E12000001,North East,E06000004,Stockton-on-Tees," 77,722 "," 76,515 "," 18,247,922 ",98%, 238.50 , 168.30 ," 10,274 "," 6,549 "," 486,157 "," 2,199 ",64%, 221.10 ,3.00," 87,996 "," 83,064 "," 18,734,079 ",94%, 238.00 
E92000001,England,E12000005,West Midlands,E06000021,Stoke-on-Trent," 102,100 "," 100,934 "," 17,056,692 ",99%, 169.00 , 149.60 ," 15,139 "," 9,746 "," 797,076 "," 3,680 ",64%, 216.60 ,2.60," 117,239 "," 110,680 "," 17,853,768 ",94%, 170.70 
E92000001,England,E12000005,West Midlands,E07000221,Stratford-on-Avon," 50,560 "," 47,262 "," 25,459,196 ",94%, 538.70 , 252.00 ," 9,588 "," 6,565 "," 2,150,797 "," 2,377 ",69%, 904.80 ,2.80," 60,148 "," 53,827 "," 27,609,993 ",90%, 556.20 
E92000001,England,E12000009,South West,E07000082,Stroud," 46,001 "," 43,408 "," 23,024,148 ",94%, 530.40 , 262.10 ," 8,170 "," 5,970 "," 1,564,666 "," 2,459 ",73%, 636.30 ,2.40," 54,171 "," 49,378 "," 24,588,813 ",91%, 536.10 
E92000001,England,E12000001,North East,E08000024,Sunderland," 109,657 "," 108,604 "," 17,627,557 ",99%, 162.30 , 131.80 ," 20,345 "," 13,601 "," 791,916 "," 4,679 ",67%, 169.20 ,2.90," 130,002 "," 122,205 "," 18,419,473 ",94%, 162.60 
E92000001,England,E12000008,South East,E07000214,Surrey Heath," 29,416 "," 28,702 "," 13,539,612 ",98%, 471.70 , 286.60 ," 8,021 "," 5,811 "," 1,299,232 "," 1,664 ",72%, 780.80 ,3.50," 37,437 "," 34,513 "," 14,838,844 ",92%, 488.70 
E92000001,England,E12000007,London,E09000029,Sutton," 51,930 "," 51,447 "," 13,002,414 ",99%, 252.70 , 178.20 ," 32,257 "," 22,388 "," 1,414,360 "," 5,319 ",69%, 265.90 ,4.20," 84,187 "," 73,835 "," 14,416,775 ",88%, 254.00 
E92000001,England,E12000008,South East,E07000113,Swale," 54,173 "," 51,042 "," 16,604,419 ",94%, 325.30 , 177.70 ," 11,089 "," 7,652 "," 1,655,169 "," 2,874 ",69%, 575.90 ,2.70," 65,262 "," 58,694 "," 18,259,588 ",90%, 338.70 
W92000004,Wales,W08000001,Wales,W06000011,Swansea," 91,916 "," 89,359 "," 24,955,130 ",97%, 279.30 , 193.70 ," 22,112 "," 11,707 "," 1,145,856 "," 4,055 ",53%, 282.60 ,2.90," 114,028 "," 101,066 "," 26,100,986 ",89%, 279.40 
E92000001,England,E12000009,South West,E06000030,Swindon," 79,728 "," 78,233 "," 16,762,014 ",98%, 214.30 , 159.20 ," 19,308 "," 12,275 "," 893,622 "," 3,364 ",64%, 265.60 ,3.60," 99,036 "," 90,508 "," 17,655,636 ",91%, 216.40 
E92000001,England,E12000002,North West,E08000008,Tameside," 84,738 "," 82,782 "," 13,615,828 ",98%, 164.50 , 136.50 ," 18,707 "," 12,773 "," 952,013 "," 4,653 ",68%, 204.60 ,2.70," 103,445 "," 95,555 "," 14,567,841 ",92%, 166.60 
E92000001,England,E12000005,West Midlands,E07000199,Tamworth," 28,785 "," 27,723 "," 6,034,191 ",96%, 217.70 , 168.40 ," 4,526 "," 3,118 "," 263,652 ", 872 ,69%, 302.40 ,3.60," 33,311 "," 30,841 "," 6,297,844 ",93%, 220.20 
E92000001,England,E12000008,South East,E07000215,Tandridge," 27,677 "," 26,708 "," 21,427,561 ",97%, 802.30 , 373.40 ," 9,198 "," 6,243 "," 1,713,871 "," 1,960 ",68%, 874.40 ,3.20," 36,875 "," 32,951 "," 23,141,432 ",89%, 807.20 
E92000001,England,E12000009,South West,E07000045,Teignbridge," 50,288 "," 46,890 "," 20,269,814 ",93%, 432.30 , 225.60 ," 12,738 "," 9,388 "," 2,112,459 "," 3,350 ",74%, 630.60 ,2.80," 63,026 "," 56,278 "," 22,382,273 ",89%, 445.50 
E92000001,England,E12000005,West Midlands,E06000020,Telford and Wrekin," 69,546 "," 65,599 "," 20,082,422 ",94%, 306.10 , 192.60 ," 8,747 "," 5,652 "," 721,949 "," 1,852 ",65%, 389.80 ,3.10," 78,293 "," 71,251 "," 20,804,370 ",91%, 308.40 
E92000001,England,E12000006,East of England,E07000076,Tendring," 57,554 "," 54,914 "," 20,548,696 ",95%, 374.20 , 234.50 ," 14,347 "," 9,416 "," 1,557,483 "," 3,195 ",66%, 487.50 ,2.90," 71,901 "," 64,330 "," 22,106,179 ",90%, 380.40 
E92000001,England,E12000008,South East,E07000093,Test Valley," 47,300 "," 44,470 "," 22,375,644 ",94%, 503.20 , 207.90 ," 9,068 "," 5,842 "," 1,797,179 "," 1,983 ",64%, 906.30 ,2.90," 56,368 "," 50,312 "," 24,172,823 ",89%, 520.40 
E92000001,England,E12000009,South West,E07000083,Tewkesbury," 36,270 "," 34,531 "," 15,776,779 ",95%, 456.90 , 217.10 ," 7,806 "," 5,733 "," 1,665,012 "," 2,047 ",73%, 813.40 ,2.80," 44,076 "," 40,264 "," 17,441,790 ",91%, 476.80 
E92000001,England,E12000008,South East,E07000114,Thanet," 46,279 "," 45,582 "," 11,036,559 ",99%, 242.10 , 186.80 ," 21,271 "," 16,675 "," 979,031 "," 4,380 ",78%, 223.50 ,3.80," 67,550 "," 62,257 "," 12,015,589 ",92%, 240.50 
E92000001,England,E12000006,East of England,E07000102,Three Rivers," 29,899 "," 28,918 "," 13,041,597 ",97%, 451.00 , 255.60 ," 7,860 "," 4,237 "," 563,040 "," 1,079 ",54%, 521.80 ,3.90," 37,759 "," 33,155 "," 13,604,638 ",88%, 453.50 
E92000001,England,E12000006,East of England,E06000034,Thurrock," 51,340 "," 50,488 "," 11,533,728 ",98%, 228.40 , 163.30 ," 16,584 "," 8,160 "," 719,551 "," 2,328 ",49%, 309.10 ,3.50," 67,924 "," 58,648 "," 12,253,279 ",86%, 232.00 
E92000001,England,E12000008,South East,E07000115,Tonbridge and Malling," 46,417 "," 44,531 "," 19,000,609 ",96%, 426.70 , 208.80 ," 8,653 "," 5,518 "," 920,665 "," 1,545 ",64%, 595.90 ,3.60," 55,070 "," 50,049 "," 19,921,274 ",91%, 432.40 
E92000001,England,E12000009,South West,E06000027,Torbay," 42,963 "," 41,829 "," 11,963,565 ",97%, 286.00 , 196.50 ," 30,296 "," 23,796 "," 2,269,949 "," 6,540 ",79%, 347.10 ,3.60," 73,259 "," 65,625 "," 14,233,513 ",90%, 294.30 
W92000004,Wales,W08000001,Wales,W06000020,Torfaen," 36,379 "," 35,178 "," 8,073,405 ",97%, 229.50 , 158.60 ," 5,964 "," 3,991 "," 483,714 "," 1,630 ",67%, 296.80 ,2.40," 42,343 "," 39,169 "," 8,557,118 ",93%, 232.50 
E92000001,England,E12000009,South West,E07000046,Torridge," 27,827 "," 25,651 "," 13,764,961 ",92%, 536.60 , 246.00 ," 4,879 "," 3,394 "," 960,936 "," 1,517 ",70%, 633.40 ,2.20," 32,706 "," 29,045 "," 14,725,898 ",89%, 542.00 
E92000001,England,E12000007,London,E09000030,Tower Hamlets," 14,044 "," 13,133 "," 855,432 ",94%, 65.10 , 54.60 ," 117,355 "," 66,104 "," 880,340 "," 7,090 ",56%, 124.20 ,9.30," 131,399 "," 79,237 "," 1,735,771 ",60%, 85.80 
E92000001,England,E12000002,North West,E08000009,Trafford," 78,142 "," 77,411 "," 18,950,295 ",99%, 244.80 , 177.90 ," 22,714 "," 15,846 "," 1,518,658 "," 4,053 ",70%, 374.70 ,3.90," 100,856 "," 93,257 "," 20,468,953 ",93%, 251.30 
E92000001,England,E12000008,South East,E07000116,Tunbridge Wells," 36,149 "," 34,086 "," 21,487,563 ",94%, 630.40 , 250.70 ," 14,259 "," 10,004 "," 1,978,016 "," 2,857 ",70%, 692.30 ,3.50," 50,408 "," 44,090 "," 23,465,579 ",88%, 635.20 
E92000001,England,E12000006,East of England,E07000077,Uttlesford," 32,067 "," 30,355 "," 20,762,488 ",95%, 684.00 , 268.00 ," 6,371 "," 4,508 "," 2,074,219 "," 1,793 ",71%," 1,156.80 ",2.50," 38,438 "," 34,863 "," 22,836,707 ",91%, 710.40 
W92000004,Wales,W08000001,Wales,W06000014,Vale of Glamorgan," 49,010 "," 47,070 "," 14,506,866 ",96%, 308.20 , 185.20 ," 10,470 "," 7,423 "," 1,027,769 "," 2,493 ",71%, 412.30 ,3.00," 59,480 "," 54,493 "," 15,534,635 ",92%, 313.40 
E92000001,England,E12000008,South East,E07000180,Vale of White Horse," 49,825 "," 46,940 "," 21,645,751 ",94%, 461.10 , 252.20 ," 9,938 "," 6,571 "," 1,412,544 "," 2,278 ",66%, 620.10 ,2.90," 59,763 "," 53,511 "," 23,058,295 ",90%, 468.50 
E92000001,England,E12000003,Yorkshire and The Humber,E08000036,Wakefield," 138,711 "," 133,925 "," 31,118,417 ",97%, 232.40 , 179.80 ," 26,043 "," 15,105 "," 1,514,484 "," 4,183 ",58%, 362.10 ,3.60," 164,754 "," 149,030 "," 32,632,901 ",91%, 236.30 
E92000001,England,E12000005,West Midlands,E08000030,Walsall," 95,261 "," 93,221 "," 22,742,166 ",98%, 244.00 , 192.80 ," 22,578 "," 13,384 "," 1,139,426 "," 3,305 ",59%, 344.80 ,4.00," 117,839 "," 106,605 "," 23,881,592 ",91%, 247.40 
E92000001,England,E12000007,London,E09000031,Waltham Forest," 54,549 "," 54,096 "," 6,913,591 ",99%, 127.80 , 95.90 ," 52,764 "," 38,168 "," 1,654,755 "," 12,498 ",72%, 132.40 ,3.10," 107,313 "," 92,264 "," 8,568,346 ",86%, 128.70 
E92000001,England,E12000007,London,E09000032,Wandsworth," 42,990 "," 42,268 "," 4,639,493 ",98%, 109.80 , 71.90 ," 107,420 "," 67,413 "," 2,139,089 "," 17,282 ",63%, 123.80 ,3.90," 150,410 "," 109,681 "," 6,778,582 ",73%, 113.80 
E92000001,England,E12000002,North West,E06000007,Warrington," 81,353 "," 78,789 "," 18,668,540 ",97%, 236.90 , 169.40 ," 12,226 "," 7,824 "," 491,801 "," 2,542 ",64%, 193.50 ,3.10," 93,579 "," 86,613 "," 19,160,341 ",93%, 235.60 
E92000001,England,E12000005,West Midlands,E07000222,Warwick," 48,007 "," 46,379 "," 16,655,046 ",97%, 359.10 , 204.70 ," 16,108 "," 11,085 "," 1,310,961 "," 3,033 ",69%, 432.20 ,3.70," 64,115 "," 57,464 "," 17,966,007 ",90%, 363.60 
E92000001,England,E12000006,East of England,E07000103,Watford," 25,218 "," 24,863 "," 5,206,177 ",99%, 209.40 , 166.20 ," 15,072 "," 6,148 "," 453,691 "," 1,895 ",41%, 239.40 ,3.20," 40,290 "," 31,011 "," 5,659,868 ",77%, 211.50 
E92000001,England,E12000008,South East,E07000216,Waverley," 42,681 "," 40,988 "," 33,046,369 ",96%, 806.20 , 357.10 ," 11,219 "," 7,984 "," 2,283,647 "," 3,018 ",71%, 756.70 ,2.60," 53,900 "," 48,972 "," 35,330,016 ",91%, 802.80 
E92000001,England,E12000008,South East,E07000065,Wealden," 58,644 "," 54,973 "," 46,452,986 ",94%, 845.00 , 313.00 ," 11,898 "," 8,305 "," 4,092,849 "," 3,533 ",70%," 1,158.50 ",2.40," 70,542 "," 63,278 "," 50,545,835 ",90%, 863.90 
E92000001,England,E12000004,East Midlands,E07000156,Wellingborough," 30,600 "," 29,496 "," 7,576,188 ",96%, 256.90 , 175.70 ," 4,850 "," 3,120 "," 261,246 ", 866 ,64%, 301.70 ,3.60," 35,450 "," 32,616 "," 7,837,434 ",92%, 258.10 
E92000001,England,E12000006,East of England,E07000241,Welwyn Hatfield," 35,614 "," 35,045 "," 12,422,958 ",98%, 354.50 , 206.00 ," 12,819 "," 6,314 "," 954,470 "," 1,615 ",49%, 591.00 ,3.90," 48,433 "," 41,359 "," 13,377,429 ",85%, 364.90 
E92000001,England,E12000008,South East,E06000037,West Berkshire," 56,076 "," 53,992 "," 32,988,779 ",96%, 611.00 , 257.90 ," 13,039 "," 8,254 "," 2,380,557 "," 2,585 ",63%, 920.90 ,3.20," 69,115 "," 62,246 "," 35,369,336 ",90%, 625.20 
E92000001,England,E12000009,South West,E07000047,West Devon," 21,970 "," 20,280 "," 14,207,128 ",92%, 700.50 , 315.80 ," 3,784 "," 2,956 "," 970,601 "," 1,296 ",78%, 748.90 ,2.30," 25,754 "," 23,236 "," 15,177,729 ",90%, 703.50 
S92000003,Scotland,S15000001,Scotland,S12000039,West Dunbartonshire," 21,862 "," 21,475 "," 5,157,410 ",98%, 240.20 , 183.20 ," 22,979 "," 16,966 "," 1,728,250 "," 4,974 ",74%, 347.50 ,3.40," 44,841 "," 38,441 "," 6,885,660 ",86%, 260.30 
E92000001,England,E12000002,North West,E07000127,West Lancashire," 43,604 "," 41,341 "," 15,289,100 ",95%, 369.80 , 204.60 ," 5,403 "," 3,640 "," 569,763 "," 1,195 ",67%, 476.80 ,3.00," 49,007 "," 44,981 "," 15,858,862 ",92%, 372.80 
E92000001,England,E12000004,East Midlands,E07000142,West Lindsey," 39,829 "," 38,272 "," 20,117,125 ",96%, 525.60 , 281.30 ," 3,889 "," 2,602 "," 1,213,460 "," 1,366 ",67%, 888.30 ,1.90," 43,718 "," 40,874 "," 21,330,585 ",94%, 538.10 
S92000003,Scotland,S15000001,Scotland,S12000040,West Lothian," 62,406 "," 60,874 "," 15,722,709 ",98%, 258.30 , 180.10 ," 19,017 "," 15,280 "," 1,987,873 "," 5,468 ",80%, 363.50 ,2.80," 81,423 "," 76,154 "," 17,710,582 ",94%, 267.00 
E92000001,England,E12000008,South East,E07000181,West Oxfordshire," 42,834 "," 39,091 "," 19,564,911 ",91%, 500.50 , 222.30 ," 6,902 "," 4,400 "," 1,324,818 "," 1,694 ",64%, 782.10 ,2.60," 49,736 "," 43,491 "," 20,889,729 ",87%, 512.20 
E92000001,England,E12000006,East of England,E07000245,West Suffolk," 68,627 "," 66,024 "," 30,646,974 ",96%, 464.20 , 213.50 ," 12,163 "," 8,832 "," 2,062,690 "," 3,132 ",73%, 658.60 ,2.80," 80,790 "," 74,856 "," 32,709,664 ",93%, 473.00 
E92000001,England,E12000007,London,E09000033,Westminster," 10,924 "," 8,518 "," 716,766 ",78%, 84.10 , 40.80 ," 125,313 "," 77,354 "," 904,325 "," 11,217 ",62%, 80.60 ,6.90," 136,237 "," 85,872 "," 1,621,091 ",63%, 82.10 
E92000001,England,E12000002,North West,E08000010,Wigan," 131,314 "," 127,993 "," 23,764,528 ",98%, 185.70 , 153.90 ," 14,811 "," 9,397 "," 694,788 "," 3,412 ",63%, 203.60 ,2.80," 146,125 "," 137,390 "," 24,459,315 ",94%, 186.10 
E92000001,England,E12000009,South West,E06000054,Wiltshire," 190,950 "," 181,637 "," 87,565,954 ",95%, 482.10 , 235.20 ," 33,682 "," 21,920 "," 5,663,409 "," 7,802 ",65%, 725.90 ,2.80," 224,632 "," 203,557 "," 93,229,364 ",91%, 492.10 
E92000001,England,E12000008,South East,E07000094,Winchester," 42,499 "," 38,691 "," 24,219,894 ",91%, 626.00 , 270.30 ," 11,331 "," 7,383 "," 2,382,495 "," 2,359 ",65%," 1,010.00 ",3.10," 53,830 "," 46,074 "," 26,602,389 ",86%, 648.00 
E92000001,England,E12000008,South East,E06000040,Windsor and Maidenhead," 46,101 "," 44,612 "," 22,462,675 ",97%, 503.50 , 256.60 ," 18,318 "," 11,954 "," 2,067,047 "," 3,470 ",65%, 595.70 ,3.40," 64,419 "," 56,566 "," 24,529,721 ",88%, 510.20 
E92000001,England,E12000002,North West,E08000015,Wirral," 120,923 "," 119,560 "," 29,199,911 ",99%, 244.20 , 171.70 ," 29,704 "," 21,079 "," 2,015,898 "," 6,742 ",71%, 299.00 ,3.10," 150,627 "," 140,639 "," 31,215,809 ",93%, 247.20 
E92000001,England,E12000008,South East,E07000217,Woking," 31,016 "," 30,662 "," 12,417,987 ",99%, 405.00 , 238.80 ," 11,823 "," 8,501 "," 712,878 "," 2,130 ",72%, 334.70 ,4.00," 42,839 "," 39,163 "," 13,130,865 ",91%, 400.40 
E92000001,England,E12000008,South East,E06000041,Wokingham," 59,436 "," 57,203 "," 23,710,432 ",96%, 414.50 , 252.70 ," 10,989 "," 7,301 "," 2,035,434 "," 2,500 ",66%, 814.20 ,2.90," 70,425 "," 64,504 "," 25,745,867 ",92%, 431.20 
E92000001,England,E12000005,West Midlands,E08000031,Wolverhampton," 86,693 "," 84,921 "," 20,707,539 ",98%, 243.80 , 199.70 ," 25,503 "," 15,190 "," 1,395,654 "," 4,654 ",60%, 299.90 ,3.30," 112,196 "," 100,111 "," 22,103,193 ",89%, 246.80 
E92000001,England,E12000005,West Midlands,E07000237,Worcester," 35,641 "," 35,167 "," 8,450,451 ",99%, 240.30 , 188.40 ," 10,663 "," 6,593 "," 502,194 "," 1,968 ",62%, 255.20 ,3.40," 46,304 "," 41,760 "," 8,952,645 ",90%, 241.10 
E92000001,England,E12000008,South East,E07000229,Worthing," 32,287 "," 31,825 "," 8,455,904 ",99%, 265.70 , 217.80 ," 16,149 "," 10,385 "," 742,671 "," 3,110 ",64%, 238.80 ,3.30," 48,436 "," 42,210 "," 9,198,575 ",87%, 263.30 
W92000004,Wales,W08000001,Wales,W06000006,Wrexham," 51,891 "," 49,951 "," 17,072,924 ",96%, 341.80 , 211.20 ," 9,237 "," 5,763 "," 1,161,168 "," 2,863 ",62%, 405.60 ,2.00," 61,128 "," 55,714 "," 18,234,092 ",91%, 345.30 
E92000001,England,E12000005,West Midlands,E07000238,Wychavon," 48,433 "," 46,108 "," 24,153,347 ",95%, 523.80 , 255.90 ," 9,855 "," 7,273 "," 3,147,514 "," 3,718 ",74%, 846.60 ,2.00," 58,288 "," 53,381 "," 27,300,861 ",92%, 547.90 
E92000001,England,E12000008,South East,E07000007,Wycombe," 57,114 "," 55,391 "," 26,112,049 ",97%, 471.40 , 274.80 ," 17,253 "," 10,554 "," 1,533,030 "," 3,072 ",61%, 499.00 ,3.40," 74,367 "," 65,945 "," 27,645,079 ",89%, 472.90 
E92000001,England,E12000002,North West,E07000128,Wyre," 45,010 "," 42,842 "," 12,750,815 ",95%, 297.60 , 194.20 ," 6,984 "," 5,033 "," 488,807 "," 1,704 ",72%, 286.90 ,3.00," 51,994 "," 47,875 "," 13,239,623 ",92%, 297.20 
E92000001,England,E12000005,West Midlands,E07000239,Wyre Forest," 39,815 "," 38,584 "," 14,613,536 ",97%, 378.70 , 210.90 ," 7,179 "," 3,905 "," 569,487 "," 1,339 ",54%, 425.30 ,2.90," 46,994 "," 42,489 "," 15,183,023 ",90%, 380.30 
E92000001,England,E12000003,Yorkshire and The Humber,E06000014,York," 70,175 "," 68,664 "," 17,976,348 ",98%, 261.80 , 190.40 ," 17,549 "," 11,712 "," 881,061 "," 3,074 ",67%, 286.60 ,3.80," 87,724 "," 80,376 "," 18,857,409 ",92%, 262.90 
,,,,,,,,,,,,,,,,,,,,,,,
Source: Ordnance Survey,,,,,,,,,,,,,,,,,,,,,,,
© Crown copyright and database rights 2020 OS 100019153,,,,,,,,,,,,,,,,,,,,,,,